id,domain,section,title,status,effort,risk,priority,quick_win,requirement
TCI-PROD-001,product,§1,Manager-facing team capability platform (product definition),Partial,L,high,P1,no,"Extend the individual companion into a manager-facing platform where a manager can understand, improve, and distribute AI capability across their team, answering six manager questions (team capability level; strong/weak/improving/declining capabilities; who needs coaching; who can mentor; where expertise is concentrated; is spend producing growth)."
TCI-PROD-002,product,§1,Usage is an input; capability is the outcome,Complete,S,low,P1,no,"The product must not reduce team intelligence to activity volume, token consumption, or cost; usage data is an input and capability development is the product outcome."
TCI-PROD-003,product,§2.1,Principle: capability over activity,Complete,S,low,P1,no,"High AI usage must not automatically imply high capability; capability is judged on patterns (context quality, iteration, verification, workflow depth, tool selection, reuse, growth), not volume."
TCI-PROD-004,product,§2.2,"Principle: growth over ranking, no leaderboards",Complete,S,low,P1,no,"Emphasize improvement, readiness, coaching, and strengths rather than employee competition; avoid public leaderboards and simplistic rankings."
TCI-PROD-005,product,§2.3,Principle: explainability over opaque scoring,Complete,S,low,P1,no,"Every capability score must expose contributing signals, confidence level, recent changes, supporting evidence, known data limitations, and a recommended next action; scores never shown without confidence + evidence availability."
TCI-PROD-006,product,§2.4,Principle: coaching over surveillance; no prompt content by default,Complete,S,low,P0,no,"Manager insights should lead to development actions, not punitive monitoring; sensitive prompt content must not be exposed by default."
TCI-PROD-007,product,§2.5,Principle: universal core + role packs across 10+ job functions,Conflicting,XL,high,P3,no,"Revealyst should work across engineering, product, marketing, sales, customer success, operations, finance, HR, design, legal and other knowledge-work teams — a shared universal capability model plus role packs adding domain-specific criteria."
TCI-PROD-008,product,§2.6,Principle: capability and cost remain separate concepts,Complete,S,low,P1,no,"Cost is an operational metric, not evidence of capability; low spend is not inherently good and high spend not inherently bad; cost never enters capability scoring."
TCI-PROD-009,product,§13,MVP: team/workspace structure + manager permissions,Partial,L,medium,P2,no,MVP must-haves include team creation and membership and manager permissions (managers distinct from workspace admins; sub-teams/subgroups within a workspace).
TCI-PROD-010,product,§13,"MVP: manager-facing per-person surfaces (Capability Matrix, Team Members, individual profile, Coaching Center, Skills & Experts)",Conflicting,XL,high,P3,no,"MVP must-haves include a Capability Matrix (members × capabilities), a Team Members roster with per-person capability, a manager-facing individual profile, a Coaching Center where managers assign coaching to individuals, and a Skills & Experts directory naming individuals."
TCI-PROD-011,product,§13,"MVP: aggregate team surfaces (Team Overview, Growth, insight feed, confidence disclosures)",Partial,M,low,P1,no,"MVP must-haves include a Team Overview, a team Growth screen, a manager insight feed, and confidence/data-quality disclosures."
TCI-PROD-012,product,§13,MVP: team + individual cost analytics,Partial,M,medium,P2,no,"MVP must-haves include individual and team cost analytics, with admin-controlled visibility of individual cost to managers."
TCI-PROD-013,product,§13,MVP: manager reports (weekly team brief + monthly capability review),Partial,M,medium,P2,no,"MVP must-haves include weekly and monthly manager reports summarizing changes, risks, coaching priorities, emerging experts, and data-quality issues."
TCI-PROD-014,product,§13,"MVP 'Should Have': mentor matching, concentration risk, campaigns, benchmarks, role packs",Partial,L,medium,P3,no,"Should-haves include mentor matching, knowledge-concentration risk, coaching campaigns, benchmark comparisons, saved views, scheduled reports, and role-specific packs."
TCI-PROD-015,product,§13,"MVP 'Later' bucket alignment (external benchmarks, forecasting, custom frameworks, business-outcome linkage, org-wide)",Complete,S,low,P3,yes,"Defer external benchmarks, capability forecasting, custom capability frameworks, advanced coaching-impact analysis, business-outcome linkage, and organization-wide intelligence to a later phase."
TCI-PROD-016,product,§14,Initial release starts with the Engineering role pack,Complete,S,low,P1,yes,"The first implementation should use one universal framework + the Engineering role pack, because existing data sources are strongest for developer workflows."
TCI-PROD-017,product,§14,Role-agnostic architecture so future packs slot in without redesign,Partial,M,low,P2,no,The architecture and UI must remain role-agnostic so additional role packs can be added without redesigning the team product.
TCI-PROD-018,product,§14,"Initial release avoids ROI/productivity claims, rankings, opaque efficiency scores, invalid benchmarks, causal coaching-impact",Complete,S,low,P1,yes,"The initial release must avoid ROI claims, productivity claims, employee rankings, opaque efficiency scores, external benchmarking without valid comparison data, and automatic coaching-impact causality claims."
TCI-PROD-019,product,§17,Reposition as 'AI Capability Intelligence & Growth Platform' with a manager layer,Partial,S,medium,P2,no,"Position Revealyst as an AI Capability Intelligence and Growth Platform, with Team Intelligence as the manager layer on top of individual growth."
TCI-PROD-020,product,§17,Individual growth = foundation; team = manager layer; cost supports but does not replace capability,Complete,S,low,P1,no,"Individual growth remains the foundation, Team Intelligence is the manager layer, and cost analytics supports operational understanding without replacing capability development as the central value."
TCI-PRIV-001,privacy,§3,Four-role permission model,Partial,L,high,P0,no,"Support four distinct roles — Individual Contributor, Team Manager, Workspace Administrator, Executive/Observer — each with its own data-access scope."
TCI-PRIV-002,privacy,"§3.2, §6.4",Manager sees named per-person capability profile by default,Conflicting,XL,high,P1,no,"A team manager can, by default, open a named team member's individual capability profile (universal + role-pack breakdown, evidence, trend)."
TCI-PRIV-003,privacy,"§3.2, §6.4, §6.12",Manager sees individual (named) cost analytics,Conflicting,L,high,P1,no,"Managers can see per-person monthly cost, model mix, premium-model share, token volume, and efficiency classification for named members."
TCI-PRIV-004,privacy,"§3.2, §6.4, §6.12, §16",Manager notes entity,Missing,L,high,P2,no,"Managers can write private notes on a team member (author, timestamp, optional follow-up date), manager-private, that never affect calculated scores."
TCI-PRIV-005,privacy,"§3.3, §6.12, §10",Admin toggle: individual cost visible to managers,Missing,M,medium,P2,no,Workspace administrators control whether individual cost data is visible to managers.
TCI-PRIV-006,privacy,§6.12,Granular Team Settings visibility toggles,Partial,M,medium,P2,no,"Configure independently: whether members see team aggregates, whether managers see individual cost, whether prompt-level evidence is available, whether mentor recommendations are visible, whether notes are manager-private."
TCI-PRIV-007,privacy,"§6.12, §2.4, §10, §16",Prompt-level evidence availability toggle,Conflicting,S,high,P1,no,Configure whether prompt-level evidence is available; raw prompt content hidden by default.
TCI-PRIV-008,privacy,"§10, §16",Raw prompt content hidden by default,Complete,S,low,P1,no,"Managers see behavioral summaries, not raw private conversations, by default."
TCI-PRIV-009,privacy,"§3.1, §3.2, §7.3","Role-scoped name visibility (managers see names, ICs see pseudonyms)",Conflicting,L,high,P1,no,Real names are visible to managers while individual contributors continue to see pseudonyms / no named peer scores.
TCI-PRIV-010,privacy,§10,Distinguish observed behavior vs score vs inference vs note vs missing data,Partial,M,low,P2,no,"The system clearly distinguishes observed behavior, calculated score, inferred capability, manager-provided note, and incomplete/unavailable data."
TCI-PRIV-011,privacy,§10,Users understand what data contributes to their profile,Complete,S,low,P2,no,Users can see what data contributes to their capability profile.
TCI-PRIV-012,privacy,"§10, §16",Data-confidence disclosure wherever telemetry is incomplete,Complete,S,low,P1,no,Data-confidence disclosures are visible wherever incomplete telemetry materially affects interpretation.
TCI-PRIV-013,privacy,"§10, §16, §14",No implication of performance/productivity/employment quality,Partial,S,medium,P1,no,"The interface must not imply performance, productivity, or employment quality from AI capability, and must avoid ROI/productivity/ranking claims."
TCI-PRIV-014,privacy,"§16, §3.1",Users cannot access unauthorized individual data,Complete,S,low,P0,no,Users cannot access unauthorized individual data; ICs do not see other members' private scores/costs/notes/activity unless permitted; named peer scores hidden by default.
TCI-PRIV-015,privacy,§3.4,Executive/Observer read-only aggregate role,Partial,L,low,P3,no,An optional read-only Executive/Observer role can access aggregate team trends without individual-level evidence or prompt data.
TCI-PRIV-016,privacy,§3.3,Configurable retention & privacy settings,Partial,L,medium,P3,no,Workspace administrators can configure retention and privacy settings.
TCI-PRIV-017,privacy,§3.3,Admin configures permissions & assigns managers,Missing,L,high,P2,no,Workspace administrators can assign managers and configure permissions.
TCI-ARCH-001,architecture,"§9, §6.12",Team entity inside a workspace,Partial,S,low,P0,yes,"A named Team that lives inside a workspace and groups its members, so managers can view and act on one team at a time."
TCI-ARCH-002,architecture,"§3.2, §3.3, §6.12, §9",Manager role and per-team manager assignment,Missing,XL,high,P0,no,"A 'manager' concept — a person/user assigned to manage one or more teams, with elevated access to that team's data — and an admin workflow to assign managers."
TCI-ARCH-003,architecture,"§3.2, §6.4, §6.2",Manager-facing per-member capability view,Conflicting,XL,high,P1,no,"Managers can open any team member's individual capability profile, scores, evidence, and history."
TCI-ARCH-004,architecture,"§3.1, §7.1-7.3",Individual-contributor self-view within a team org,Blocked,M,medium,P1,no,"In a team workspace, each member sees their own capability profile, recommendations, coaching, and permitted team aggregates."
TCI-ARCH-005,architecture,§3.4,Executive / Observer read-only aggregate role,Missing,L,medium,P3,no,"An optional read-only role that sees aggregate team trends only, with no individual-level evidence or prompt data."
TCI-ARCH-006,architecture,"§3.3, §6.12, §6.2",Sub-teams / subgroups (nested team hierarchy),Missing,L,medium,P2,no,"Teams can contain subgroups (squads/locations), and views can group/filter by subgroup."
TCI-ARCH-007,architecture,"§3.3, §6.12",Workspace-admin team management and permission configuration,Partial,L,medium,P1,no,"Workspace admins can create/manage teams, assign managers, configure per-area permissions, enable role packs, and set visibility of cost/prompt evidence."
TCI-ARCH-008,architecture,§5,Team Intelligence top-level nav area (11 sub-items),Conflicting,M,medium,P2,no,"Add a top-level 'Team Intelligence' area with Overview, Capability Matrix, Team Members, Growth, Coaching, Skills & Experts, Costs & Efficiency, Insights, Benchmarks, Reports, Team Settings; hide manager-only items from non-managers."
TCI-ARCH-009,architecture,§5,Manager-only navigation gating,Partial,S,low,P1,yes,Users without manager/admin permission must not see manager-only nav items.
TCI-ARCH-010,architecture,§9,"Team entity data shape (managerIds, memberIds, rolePackIds, settings)",Partial,L,medium,P1,no,"Team = { id, workspaceId, name, managerIds[], memberIds[], rolePackIds[], settings }."
TCI-ARCH-011,architecture,"§4.2, §6.12, §9, §14","RolePack entity (versioned capability bundles, per-team enablement)",Partial,XL,high,P2,no,"RolePack = { id, name, capabilityIds[], version, status: draft|active|deprecated }, enabled per team, adding role-specific capabilities on top of the universal model."
TCI-ARCH-012,architecture,§6.12,"Per-team Capability Configuration (enable caps, importance, custom labels/dimensions)",Missing,L,high,P3,no,"Per team: choose enabled universal capabilities and role packs, set capability importance weights, custom skill labels, and custom capability dimensions."
TCI-ARCH-013,architecture,§9,TeamCapabilitySnapshot entity,Conflicting,L,medium,P2,no,"A stored per-period team snapshot { teamId, periodStart/End, overallScore, capabilityScores, maturityDistribution, confidence, represented/totalMemberCount }."
TCI-ARCH-014,architecture,"§9, §4.1-4.2",CapabilityDefinition universal vs role_specific categorization,Partial,M,medium,P2,no,"CapabilityDefinition carries category 'universal'|'role_specific', scoringVersion, and evidenceTypes."
TCI-ARCH-015,architecture,§9,New team-layer entities require frozen-contract ADR + three registrations,Partial,M,medium,P0,no,"Any new org-scoped table (team_managers, per-team settings, subgroups, snapshots, role-pack mappings) must be added via the frozen-contract process."
TCI-DATA-001,data,§4.3,Per-capability score object (CapabilityScore),Partial,M,medium,P1,no,"Every capability score for a person uses one common structure: capabilityId, userId, score, level, trend, change, confidence, confidenceScore, evidenceCount, positiveSignals, limitingSignals, dataLimitations, lastCalculatedAt."
TCI-DATA-002,data,§4.3,Five-level capability ladder (inactive→expert),Conflicting,S,low,P1,no,level is one of inactive | beginner | intermediate | advanced | expert.
TCI-DATA-003,data,"§4.3, §9",Per-capability trend and change (period-over-period),Missing,L,high,P1,no,"Each capability score carries trend (improving|stable|declining|insufficient_data) and change (numeric delta), and team growth charts show capability over time."
TCI-DATA-004,data,"§4.3, §8",Confidence always shown; low/medium/high band,Partial,S,low,P2,yes,A capability score is never shown without confidence and evidence availability; confidence renders as low|medium|high (+ insufficient-data).
TCI-DATA-005,data,"§4.3, §9",Manager-visible per-person capability score,Blocked,XL,high,P0,no,"CapabilityScore.userId identifies a person and managers can view individual team-member capability profiles (§3.2, §6.4)."
TCI-DATA-006,data,§9,Team entity (Team),Partial,M,medium,P0,no,"Team = { id, workspaceId, name, managerIds[], memberIds[], rolePackIds[], settings }."
TCI-DATA-007,data,"§9, §6.12",TeamSettings persistence,Missing,L,medium,P1,no,"Per-team configuration: enabled universal capabilities, enabled role packs, capability importance, custom skill labels, visibility toggles (member aggregates, individual cost, prompt evidence, mentor recs, note privacy), concentration thresholds, benchmark config."
TCI-DATA-008,data,"§9, §4.2",RolePack entity,Partial,L,medium,P2,no,"RolePack = { id, name, capabilityIds[], version, status(draft|active|deprecated) } grouping role-specific capabilities; packs for Engineering, Product, Marketing, Sales, CS, HR, Finance, Operations."
TCI-DATA-009,data,§9,CapabilityDefinition entity,Partial,S,low,P2,yes,"CapabilityDefinition = { id, name, description, category(universal|role_specific), scoringVersion, evidenceTypes[] }."
TCI-DATA-010,data,§9,TeamCapabilitySnapshot entity,Missing,L,high,P1,no,"TeamCapabilitySnapshot = { id, teamId, periodStart, periodEnd, overallScore, capabilityScores(Record), maturityDistribution(Record), confidence, representedMemberCount, totalMemberCount }."
TCI-DATA-011,data,"§9, §6.8",CostAllocation entity,Partial,M,medium,P2,no,"CostAllocation = { userId?, teamId, provider, model?, period, amount, currency, confidence, allocationMethod } with allocated-vs-unallocated spend and allocation confidence."
TCI-DATA-012,data,§9,Background calculation jobs for team entities,Partial,M,medium,P2,no,"Background jobs: individual capability recalculation, team aggregation, maturity distribution, growth calculation, cost allocation, insight generation (plus skill/mentor/concentration generation)."
TCI-DATA-013,data,§9,Auditability record,Partial,M,medium,P2,no,"Store scoring version, calculation timestamp, evidence categories, confidence inputs, changes between score versions, manager actions, and dismissed recommendations."
TCI-TEL-001,telemetry,§4.1,AI Adoption dimension signals,Complete,S,low,P1,yes,"Compute an AI Adoption universal dimension from usage frequency, workflow breadth, tool/model exploration, continued use over time, and progression beyond basic chat."
TCI-TEL-002,telemetry,§4.1,AI Communication dimension signals,Conflicting,M,high,P2,no,"Score how effectively a user communicates objectives, context, constraints, output structure, and examples to AI (clarity/completeness/constraint/structure/examples)."
TCI-TEL-003,telemetry,§4.1,AI Thinking dimension signals,Conflicting,XL,high,P3,no,"Score use of AI for reasoning, research, planning, decomposition, option comparison, and synthesis."
TCI-TEL-004,telemetry,§4.1,AI Iteration dimension signals,Partial,M,medium,P2,no,"Score refinement through feedback: follow-up depth, correction behaviour, iterative refinement, reuse of outputs, sustained task progression."
TCI-TEL-005,telemetry,§4.1,AI Verification dimension signals,Missing,L,high,P2,no,"Score how consistently a user validates AI output: fact-checking, testing, source requests, cross-checking, uncertainty handling, review before use."
TCI-TEL-006,telemetry,§4.1,AI Workflow Integration dimension signals,Partial,M,medium,P2,no,"Score how deeply AI is embedded in repeatable work: saved workflows, reusable prompts, templates, connected tools, automations, agent/multi-step workflows."
TCI-TEL-007,telemetry,§4.1,AI Learning Velocity dimension signals,Partial,M,medium,P1,no,"Score the rate of capability improvement: score change over time, recommendation adoption, new-capability acquisition, movement to advanced workflows, weakness reduction."
TCI-TEL-008,telemetry,§4.2,Engineering role-pack capability feasibility,Partial,L,medium,P1,no,"Provide Engineering-pack capabilities: code generation, debugging, testing, architecture reasoning, code review, context engineering, agentic development, dev-tool integration."
TCI-TEL-009,telemetry,§4.2,Non-engineering role packs (Product/Marketing/Sales/CS/HR/Finance/Operations) telemetry,Blocked,XL,high,P3,no,"Provide role packs and universal-dimension scores for product, marketing, sales, customer success, HR, finance, and operations teams."
TCI-TEL-010,telemetry,§6.12,Team Settings → Data Sources health panel,Partial,M,low,P1,yes,"Show connected providers, sync status, last sync, and data freshness in team settings."
TCI-TEL-011,telemetry,§6.12,Member matching status + allocation-gap disclosure,Partial,S,low,P2,yes,Show member matching status and allocation/coverage gaps for team data sources.
TCI-MET-001,metrics,§6.8 / §16,Cost is never folded into capability scores,Complete,S,low,P0,yes,Capability/maturity scoring must never include spend as an input; cost stays a separate operational metric.
TCI-MET-002,metrics,§6.8 Efficiency Classification,No opaque efficiency score; explainable classifications first,Partial,M,medium,P2,no,"Do not launch a single opaque 'AI Efficiency Score'; use explainable classifications, each of which explains why it was assigned."
TCI-MET-003,metrics,§6.8 Team Cost Overview,"Team Cost Overview (aggregate spend, breakdowns, allocation confidence)",Partial,M,low,P1,no,"Show total spend, period change, spend by provider/tool, spend by model, allocated vs unallocated spend, and cost-data confidence."
TCI-MET-004,metrics,§6.8 (spend by model),Spend by model shown as dollars,Conflicting,S,low,P2,no,Break spend down by model.
TCI-MET-005,metrics,§6.8 Individual Cost Table,Per-member / per-role cost table visible to managers,Conflicting,XL,high,P2,no,"Give managers a per-member cost table (monthly spend, spend change, premium-model share, active days, efficiency classification, allocation confidence) and spend by role/by team member."
TCI-MET-006,metrics,§6.8 Cost Insight Examples,Honest cost-insight narratives (growth-vs-spend),Partial,M,medium,P2,no,"Produce plain-English cost insights (e.g. 'premium-model usage increased but capability growth stayed stable', 'low spend because adoption is low', 'growth without a spend increase', 'large share of spend unallocated')."
TCI-MET-007,metrics,§6.8 / §7.2 / §16,Cost insights must not recommend cutting access solely for being expensive,Partial,S,low,P2,no,Never frame cost reduction as the default objective; never recommend reducing a user's access just because they are expensive.
TCI-MET-008,metrics,§15 Activation,§15 Activation metrics for the team product,Partial,M,low,P1,no,"Measure % of workspaces creating a team, % of managers opening Team Overview, % of teams with sufficient data coverage, % of managers viewing Capability Matrix."
TCI-MET-009,metrics,§15 Engagement,"§15 Engagement metrics (manager active, insight opens, coaching action, report views, expert searches)",Partial,M,low,P1,no,"Measure weekly manager active rate, insight-card open rate, coaching recommendation action rate, report-view rate, and expert-directory searches."
TCI-MET-010,metrics,§15 Capability Outcomes,§15 Capability-outcome metrics,Partial,M,medium,P2,no,"Measure improvement in weak team capabilities, increase in advanced-capability coverage, reduction in knowledge concentration, recommendation completion, and sustained capability growth."
TCI-MET-011,metrics,§15 Trust,"§15 Trust metrics (confidence coverage, explanation usage, dismissal, disputes, disclosure rate)",Partial,L,medium,P2,no,"Measure % of scores at medium/high confidence, score-explanation usage, manager dismissal rate for inaccurate insights, user disputes/corrections, and incomplete-data disclosure rate."
TCI-MET-012,metrics,§15 Cost Outcomes,§15 Cost-outcome metrics,Partial,M,low,P2,no,"Measure allocated-spend coverage, reduction in unnecessary premium-model usage, capability growth relative to spend, and number of actionable cost insights."
TCI-BE-001,backend,§9,Individual capability recalculation job,Complete,S,low,P0,no,A background job recalculates each person's capability scores on a cadence.
TCI-BE-002,backend,§9,Team aggregation + team capability snapshot persistence,Partial,L,medium,P1,no,"A job aggregates member capability into a team-level view (TeamCapabilitySnapshot: overallScore, per-capability scores, maturity distribution, represented vs total member count) and stores period snapshots."
TCI-BE-003,backend,"§9, §6.1",Maturity/capability distribution by member counts,Partial,M,medium,P1,no,A job computes member counts by maturity level (inactive/beginner/intermediate/advanced/expert) per capability and for the team overall.
TCI-BE-004,backend,"§9, §6.5",Growth / movement calculation,Partial,M,medium,P2,no,"A job computes capability change over time: velocity, movement up/down a level, plateau, and decline counts."
TCI-BE-005,backend,"§9, §6.7",Skill extraction job,Conflicting,XL,high,P3,no,"A job detects/extracts discrete AI-related skills per person (prompt design, verification, automation, specific tools, role-specific workflows) with proficiency and evidence recency."
TCI-BE-006,backend,"§9, §6.6",Mentor matching job,Missing,XL,high,P2,no,A job matches learners to internal mentors per capability with a mentor-confidence score and workload/conflict warnings.
TCI-BE-007,backend,"§9, §6.7","Concentration-risk detection (per-capability, configurable thresholds)",Partial,M,medium,P2,no,"A job flags capabilities where expertise is concentrated in one or two members, with configurable risk thresholds (low/moderate/high/critical)."
TCI-BE-008,backend,"§9, §6.6",Coaching recommendation generation (manager-facing),Partial,L,medium,P1,no,"A job turns capability gaps into ranked coaching recommendations for managers (member/cohort, gap, priority, evidence, confidence, suggested action, effort)."
TCI-BE-009,backend,"§9, §6.8","Cost allocation job (CostAllocation, per-user, method + confidence)",Partial,L,medium,P2,no,"A job allocates AI spend to users/teams with an allocationMethod and confidence, tracking allocated vs unallocated spend."
TCI-BE-010,backend,"§9, §6.9",Manager insight generation + persisted feed with status lifecycle,Partial,L,high,P1,no,"A job generates ManagerInsight cards (category, severity, evidence, affected users/capabilities, recommended action) and persists a feed with a new/viewed/acted_on/dismissed lifecycle."
TCI-BE-011,backend,§9 Auditability,Auditability store for scores/actions,Partial,L,medium,P2,no,"Store scoring version, calculation timestamp, evidence categories, confidence inputs, changes between score versions, manager actions, and dismissed recommendations."
TCI-BE-012,backend,§6.11,Weekly Team Brief report,Partial,M,medium,P2,no,"Generate a weekly manager brief: major changes, new risks, coaching priorities, emerging experts, data-quality issues."
TCI-BE-013,backend,§6.11,Monthly Capability Review report,Partial,M,low,P1,yes,"Generate a monthly review: team maturity, capability trends, member movement, gaps, coaching progress, concentration, spend context, priorities."
TCI-BE-014,backend,§6.11,Quarterly Capability Review report,Missing,M,low,P2,yes,"Generate a quarterly review: longer-term trend, role-pack development, coaching outcomes, skill coverage, operational cost trend, next-quarter priorities."
TCI-BE-015,backend,"§6.11, §6.2",PDF export,Missing,M,medium,P3,no,Export reports and the capability matrix as PDF.
TCI-BE-016,backend,"§6.11, §6.2",CSV export of underlying report/matrix tables,Partial,S,low,P2,yes,"Export underlying tables (matrix, cost table, board numbers) as CSV."
TCI-BE-017,backend,§6.11,Scheduled / configurable report email delivery,Partial,L,medium,P2,no,"Deliver reports on a schedule via email, ideally user-configurable per report type."
TCI-BE-018,backend,§11,Manager notification delivery + triggers,Partial,L,medium,P2,no,"Deliver manager notifications (new maturity level, capability declined, several ready for training, expertise concentrated, plateau, cost up without capability growth, data source stopped syncing) with deep link + recommended action."
TCI-BE-019,backend,§11,Member (individual) notification delivery,Missing,M,medium,P2,no,"Deliver per-member notifications (new development priority, manager assigned coaching, mentor assigned, capability improved, recommendation ready, personal cost incomplete) with deep link."
TCI-FE-001,frontend,§5,Top-level 'Team Intelligence' nav with 11 sub-items,Conflicting,S,medium,P2,no,"Add a new top-level product area 'Team Intelligence' with 11 gated sub-items (Overview, Capability Matrix, Team Members, Growth, Coaching, Skills & Experts, Costs & Efficiency, Insights, Benchmarks, Reports, Team Settings), hidden from non-managers."
TCI-FE-002,frontend,§6.1,Team Overview screen (aggregate summary),Partial,M,medium,P1,no,"A manager 30-second overview: overall team capability + maturity + confidence, capability distribution, universal capability profile, ≤4 priority insight cards, growth chart, coaching queue preview, cost snapshot, freshness indicator."
TCI-FE-003,frontend,§6.1,Team Overview header controls (selectors + filters),Missing,M,medium,P2,no,"Header with team selector, date-range selector, role filter, location/subgroup filter, compare-period toggle, export action, data-freshness indicator."
TCI-FE-004,frontend,§6.1,Universal capability profile (bars/radar) + single team capability score,Conflicting,M,high,P2,no,"Render the 7 universal capability dimensions as aligned bars (radar supplementary) with score/trend/confidence/benchmark, plus a single overall team capability score."
TCI-FE-005,frontend,§6.2,Capability Matrix (people × capabilities grid),Conflicting,XL,high,P3,no,"A grid of team members (rows) × capabilities (columns) with per-cell score/intensity/trend/confidence, hover explanations, click-through capability drawer, filters, column selector, CSV/PDF export, saved views."
TCI-FE-006,frontend,§6.3,Team Members roster with per-member capability columns,Conflicting,L,high,P3,no,"A sortable member table (overall capability, maturity, growth, strongest capability, development priority, coaching status, spend, last active) with expandable per-member rows and bulk coaching/mentor/note actions."
TCI-FE-007,frontend,§6.4,Individual Team Member Profile (manager-facing),Conflicting,XL,high,P3,no,"A manager-facing version of the individual growth profile with tabs (Overview, Capabilities, Skills, Growth, Cost/Usage, Coaching, Notes) for any named member, plus assign-coaching/mentor/note/export actions."
TCI-FE-008,frontend,§6.5,"Team Growth screen (trend, movement, segments, coaching impact)",Partial,M,medium,P2,no,"A team growth surface: capability trend line, capability-movement counts (up/down/stable/insufficient), growth segments (fastest/plateaued/declining/newly-active/inactive), coaching-impact pre/post, forecasting (labeled projection)."
TCI-FE-009,frontend,§6.6,Coaching Center (manager assign/campaigns/mentor matches),Conflicting,XL,high,P3,no,"A manager surface to convert capability gaps into assigned coaching actions, run team campaigns, match mentors, and track actions through completion."
TCI-FE-010,frontend,§6.7,Skills & Experts (inventory + named expert directory),Conflicting,L,high,P2,no,"A skills inventory (per-skill counts, maturity distribution, concentration risk) plus an Expert Directory listing named members with expertise, proficiency, recent evidence, and mentor availability."
TCI-FE-011,frontend,§6.9,Manager Insights feed (prioritized narrative + dismiss/convert),Partial,L,medium,P2,no,"A prioritized narrative feed of ManagerInsight cards (category, severity, explanation, confidence, evidence, recommended action, status) with filters and dismiss/save/convert-to-coaching actions."
TCI-FE-012,frontend,§6.10,Benchmarks screen (team/role/cohort comparisons),Partial,M,low,P2,yes,"Compare team vs previous period, team vs workspace average, role vs same-role average, subgroup vs parent, and (later) anonymized external benchmark, with population/period/confidence always shown and comparability guardrails."
TCI-FE-013,frontend,§6.11,Reports UI (weekly/monthly/quarterly + export),Partial,M,low,P2,yes,"Generate reusable manager reports (Weekly Team Brief, Monthly Capability Review, Quarterly Review) with in-app view, PDF, CSV export, and scheduled email delivery."
TCI-FE-014,frontend,§8,Shared: Capability Score Card + Capability Bar,Partial,S,low,P2,yes,A CapabilityScoreCard (score/level/trend/change/confidence/coverage/onExplain) and a Capability Bar (label/score/benchmark/trend/confidence).
TCI-FE-015,frontend,§8,Shared: Confidence Badge + Trend Indicator,Partial,S,low,P2,yes,A ConfidenceBadge (high/medium/low/insufficient data) and a TrendIndicator (improving/stable/declining/unavailable).
TCI-FE-016,frontend,§8,Shared: Insight Card variants,Partial,S,low,P2,yes,An Insight Card with variants positive/opportunity/warning/critical/disclosure.
TCI-FE-017,frontend,§8,Shared: Capability Detail Drawer,Partial,M,medium,P2,no,"A drawer showing score, explanation, contributing signals, limiting signals, trend, confidence, recommendation, limitations."
TCI-FE-018,frontend,§8,Shared: Data Confidence Disclosure (progressive),Complete,S,low,P1,yes,"A progressive-disclosure data-confidence component: collapsed (plain summary, confidence status, impact) → expanded (technical reason, affected metrics, remediation, last-checked)."
TCI-FE-019,frontend,§8,Shared: Member Avatar Row,Conflicting,S,medium,P3,no,"A row showing avatar, name, role, status, and optional maturity badge for a member."
TCI-FE-020,frontend,§8,"Shared: Empty State (honest, actionable)",Complete,S,low,P1,yes,"An empty state that explains why data is unavailable, what is required, who can resolve it, and the expected effect after resolution."
TCI-UX-001,ux,§2.2,Growth-over-ranking framing as UX law,Complete,S,low,P1,no,"The interface emphasizes improvement, readiness, strengths and coaching over employee competition."
TCI-UX-002,ux,§2.2,No leaderboards / employee rankings,Complete,S,low,P1,no,Avoid public leaderboards and simplistic employee rankings.
TCI-UX-003,ux,§2.3,"Per-score explainability (signals, change, evidence, limitations, next action)",Partial,M,medium,P2,no,"Every capability score exposes contributing signals, confidence, recent changes, supporting evidence, known data limitations, and a recommended next action."
TCI-UX-004,ux,§2.3,Never show a score without confidence + evidence availability,Partial,S,low,P2,yes,Capability/score values must never render without an attached confidence and evidence-availability indicator.
TCI-UX-005,ux,§6,Insufficient-data / forming states never fabricate,Complete,S,low,P1,no,Screens support an insufficient-data / forming state that explains the gap and never floors missing values to zero.
TCI-UX-006,ux,"§6, §8",Structured empty state (why / what's required / who resolves / effect),Partial,S,low,P2,yes,"Empty states must explain why data is unavailable, what is required, who can resolve it, and the expected effect after resolution."
TCI-UX-007,ux,§6,Low-confidence values visually distinct,Partial,S,low,P2,no,"Low-confidence and insufficient-data values are visually distinct across screens (cells, scores)."
TCI-UX-008,ux,"§6, §8",Data-confidence progressive disclosure,Complete,S,low,P1,no,"A collapsed plain-language confidence summary that expands to technical reason, affected metrics, remediation action, and last-checked time."
TCI-UX-009,ux,§7.1,Individual capability SCORE as the hero metric,Conflicting,S,medium,P1,no,Keep the individual capability score as the hero metric on the IC overview.
TCI-UX-010,ux,§7.1,"IC overview section set (universal + role-pack breakdown, assigned coaching)",Partial,M,medium,P2,no,"IC overview shows current capability, growth focus, universal capability breakdown, role-pack breakdown, recommendations, assigned coaching, personal cost, and data confidence."
TCI-UX-011,ux,§7.2,Personal cost analytics on the IC view,Partial,M,low,P2,no,"Show monthly spend, spend trend, model mix, premium-model share, token usage, allocation confidence, and model-selection recommendations — without framing cost reduction as the objective."
TCI-UX-012,ux,§7.3,"Team context on the IC self-view (aggregates, priorities, mentors)",Blocked,L,high,P3,no,"Where permitted, show the member how they compare to team aggregates, team capability priorities, available mentors, and chances to mentor others — without exposing named peer scores."
TCI-UX-013,ux,§12,Flow A end-to-end: manager identifies gap → campaign,Missing,XL,high,P2,no,"Manager opens Team Overview, sees weakest capability, opens capability detail with affected members + confidence, opens Coaching Center, creates a campaign, assigns a mentor, records a baseline, reviews progress."
TCI-UX-014,ux,§12,Flow B end-to-end: find an internal expert,Conflicting,XL,high,P3,no,"Manager opens Skills and Experts, searches a capability/tool, sees members ranked by proficiency + confidence, checks mentor availability, and assigns the expert."
TCI-UX-015,ux,§12,Flow C end-to-end: investigate high spend per member,Partial,L,medium,P2,no,"Manager opens Costs and Efficiency, filters for high spend, compares capability/growth/adoption/cost per member, distinguishes high-value advanced use from inefficiency, and assigns model-selection coaching only when evidence supports it."
TCI-UX-016,ux,§12,Flow D end-to-end: individual reviews team-assigned development,Partial,M,medium,P2,no,"Member opens Individual Overview, sees an assigned development priority, opens the score explanation, reviews recommendations + assigned activities, completes them, and the system tracks later capability change."
TCI-UX-017,ux,§6,"Dense controls (radar, matrix density/column toggles, 10+ filters) vs minimal-by-default",Conflicting,M,medium,P1,no,"TCI team screens introduce radar charts, a capability-matrix density toggle + column selector + saved views, and 8-12 filter panels per screen."
TCI-QA-001,qa,§16 Team Overview,Team Overview one-screen acceptance test,Missing,M,medium,P1,no,"Prove a manager can read the team's strongest capability, weakest capability, growth direction, top coaching action, and total spend without leaving one screen."
TCI-QA-002,qa,§16 Team Overview,Every score shows confidence + member coverage,Partial,S,low,P1,yes,Every displayed score must show a confidence level and the represented-member coverage (how many of the team the number is based on).
TCI-QA-003,qa,§16 Team Overview,Every primary insight deep-links to detail,Missing,S,low,P2,no,Every primary insight card must link to the supporting detail screen that explains it.
TCI-QA-004,qa,§16 Capability Matrix,Capability Matrix — manager sees every member's per-capability scores,Conflicting,XL,high,P0,no,A manager can compare all members across all enabled capabilities in a people-by-capability grid.
TCI-QA-005,qa,§16 Capability Matrix,Low-confidence / insufficient-data cells visually distinct + every cell explainable,Partial,S,medium,P2,no,"Low-confidence and insufficient-data cells must be visually distinct, and every cell must open an explanation."
TCI-QA-006,qa,§16 Coaching Center,"Coaching Center — insight→action, tracked to completion, baseline+follow-up stored",Missing,L,high,P1,no,"A manager can convert an insight into an assigned coaching action, track it through completion, and the system stores baseline and follow-up capability values."
TCI-QA-007,qa,§16 Costs and Efficiency,Costs — separate high spend from adoption/capability; cost never in scoring,Partial,M,medium,P1,no,Managers can distinguish high spend from low adoption and from high-capability advanced use; cost-allocation confidence is visible; cost is never an input to capability scoring.
TCI-QA-008,qa,§16 Privacy,Manager-vs-member per-role authorization sweep (NEW test infra),Partial,L,high,P0,no,"Users cannot access unauthorized individual data; each role (individual contributor, manager, admin, observer) sees only what its permissions allow."
TCI-QA-009,qa,§16 Privacy,Raw prompt content hidden by default,Complete,S,low,P2,no,Raw prompt content must be hidden from managers by default.
TCI-QA-010,qa,§16 Privacy,Manager notes cannot affect algorithmic scoring,Missing,L,medium,P1,no,Manager-entered notes must never alter or feed into calculated capability scores.
TCI-QA-011,qa,§16 Privacy,Data limitations visible where they materially affect interpretation,Partial,S,low,P2,yes,Data limitations / confidence disclosures must be visible wherever incomplete data materially changes how a number should be read.
TCI-QA-012,qa,§9 Data (TCI-wide QA readiness),Three-registration discipline for every new team table,Missing,XL,high,P0,no,"Every new org-scoped TCI table (Team, RolePack extensions, TeamCapabilitySnapshot, CostAllocation, CoachingCampaign, ManagerInsight, ManagerNote, mentor matches) must be registered in the three CI-enforced guards or it reds main."
TCI-QA-013,qa,§6 (TCI-wide QA readiness),MIN_PEOPLE floor tests for every new team aggregate,Partial,M,medium,P1,no,"Every count-only team aggregate (capability distribution, maturity movement counts, coverage, concentration risk, benchmarks) must suppress any group below the MIN_PEOPLE floor entirely, with a test proving it."
TCI-QA-014,qa,§2.2 / §6.10 (TCI-wide QA readiness),Anti-gamification / banned-phrasing sweeps for all new team copy,Partial,S,medium,P1,yes,New team/coaching/insight/benchmark/report copy must pass anti-gamification and no-leaderboard/no-ranking sweeps; benchmark screens must not become employee rankings.
TCI-QA-015,qa,§9 / §6.11 (TCI-wide QA readiness),Shared-source parity + migration-equivalence guards for team reuse,Partial,M,medium,P2,no,"Where team aggregation, reports, notifications, and the dashboard reuse the same scoring/rec engine, tests must pin identical output (no silent divergence between surfaces)."
TCI-QA-016,qa,TCI-wide QA readiness,Suite scale + flake tolerance for the expanded team suite,Partial,M,medium,P2,no,"The test suite must stay reliable as the team layer roughly doubles it, tolerating the repo's known Windows/load-related flakes and keeping per-person query cost independent of team size."
TCI-DOC-001,docs,§ front matter,"TCI is an unsigned proposal, not ground truth",Conflicting,S,low,P0,yes,"The TCI document must be filed and treated as an unratified proposal, with docs/Revealyst_Product_Spec_V4.md remaining product ground truth until the founder signs TCI off."
TCI-DOC-002,docs,whole-document,Gap analysis must follow the docs/product/ house style,Partial,M,low,P1,no,"The TCI gap analysis and any requirements registry must be authored in the established docs/product/ four-file house style, not as a free-form memo."
TCI-DOC-003,docs,whole-document,Superseded-banner + single-source-of-truth discipline,Partial,S,low,P1,yes,Any TCI plan/analysis doc must carry the repo's superseded-banner + single-source-of-truth convention so it can never silently outlive the code or duplicate ground truth.
TCI-DOC-004,docs,§9 Data and Backend Requirements,Each new TCI entity needs an ADR + 3 registrations,Missing,XL,high,P1,no,"Every net-new org-scoped table TCI implies (Team, RolePack, CapabilityDefinition, TeamCapabilitySnapshot, CostAllocation, CoachingCampaign, ManagerInsight, manager notes, etc.) must land via the repo's ADR + three-registration governance, with ADR and migration numbers claimed independently at build time."
TCI-DOC-005,docs,whole-document,Every conflicting TCI ask needs a product-signoffs row first,Missing,S,low,P0,yes,Each TCI requirement that crosses a founder-signed decision or named gate must get a docs/product-signoffs.md row (pending → ratified/overridden) before it is built.
TCI-DOC-006,docs,§6.2 / §6.4,Manager-facing per-person capability view crosses self-view-only,Conflicting,XL,high,P1,no,TCI's Capability Matrix and manager-facing individual profile expose each named member's per-capability scores to their manager.
TCI-DOC-007,docs,§6.1 / §6.2 / §6.3,Named per-person team scores cross count-only + MIN_PEOPLE,Conflicting,L,high,P1,no,"TCI shows named members in a matrix/table with individual scores and small-segment breakdowns, without a minimum-people floor."
TCI-DOC-008,docs,§3.2 / §6.4 / §6.8,Manager-visible individual cost crosses privacy model,Conflicting,L,high,P2,no,"TCI lets managers see each member's individual spend, model mix, and token volume."
TCI-DOC-009,docs,§2.4 / §6.12 / §10,Prompt-level evidence crosses the no-prompt-content tripwire,Conflicting,S,high,P0,yes,"TCI implies prompt-level evidence can be made available (hidden 'by default', configurable on)."
TCI-DOC-010,docs,§4.2 / §14,Eight non-engineering role packs cross NOT-015 + role-expansion gate,Blocked,S,low,P2,no,"TCI ships Product, Marketing, Sales, Customer Success, HR, Finance, Operations role packs alongside Engineering."
TCI-DOC-011,docs,§1 / §13 MVP,Whole team product assumed live — blocked on W6-A dogfood clock,Blocked,S,medium,P0,no,TCI assumes a manager-facing team product exists and can be built now.
TCI-DOC-012,docs,§5 Navigation Architecture,11-item nav tree crosses minimal-nav U0 IA + D4,Conflicting,M,medium,P1,no,"TCI adds a top-level 'Team Intelligence' area with eleven sub-items (Overview, Capability Matrix, Team Members, Growth, Coaching, Skills & Experts, Costs & Efficiency, Insights, Benchmarks, Reports, Team Settings)."
TCI-DOC-013,docs,§4.3 / §6.1,New inactive→expert ladder + 0–100 score cross 'no competing ladder',Conflicting,M,medium,P1,no,TCI introduces a numeric 0–100 capability score plus a five-level 'inactive|beginner|intermediate|advanced|expert' ladder as the hero metric.
TCI-DOC-014,docs,§1 / §17,Repositioning to a manager-first platform crosses individual-first VIS-001,Conflicting,S,medium,P2,no,TCI repositions Revealyst as an 'AI Capability Intelligence and Growth Platform' with a manager-facing pitch.
TCI-DOC-015,docs,whole-document,Record the orchestrator conflict-resolution rule,Missing,S,low,P0,yes,The rule that conflicts resolve toward TCI only where TCI does not cross a founder-signed decision or named gate must be written down as the governing resolution rule for this analysis.
