id,spec_section,tier,domain,status,evidence
VIS-001,"§2","Principle","Product Architecture","Implemented","src/db/org-scope.ts:74 ensureOrgOfOne makes kind='personal' the default org (org-of-one); src/app/onboarding/page.tsx:22 renders OnboardingCompanionPitch BEFORE the connect wizard (companion is the pitch); src/app/(app)/dashboard/page.tsx:266-274 PersonalSelfView is the individual surface; team/exec (TeamOverview page:1080, exec-report.ts) are read-lenses over the same score/catalog outputs, not a separate pitch."
VIS-002,"§2","Baseline","Sync & Integrations","Implemented","src/connectors/index.ts:5-13 (anthropic/openai/cursor/copilot registered); src/lib/agent-ingest.ts (Claude Code local); src/lib/otel-receiver.ts + src/app/v1/metrics/route.ts (Claude Code OTel); connectors cover Anthropic Console (src/connectors/anthropic/normalize.ts) and OpenAI admin API (src/connectors/openai/normalize.ts). Copilot exists but is founder-gated off live connect via src/lib/vendor-connect-meta.ts:91."
VIS-003,"§2","MVP","Notifications","Implemented","src/poller/digest.ts:101 runWeeklyDigest (delivery); src/worker.ts:121-131 digest_return + companion_revisit edge events; src/lib/launch-events.ts:89 digestReturnDim; src/lib/digest-email.ts:43 appendDigestUtm tags CTA with src=digest&wk. Fleet-wide instrumentation (superset of the founder dogfood org)."
PRIN-001,"§4.1","Principle","UX / UI","Implemented","src/lib/companion-glossary.ts:40-70 (GROWTH_JOURNEY_COPY positive leads: ""You're at""), :102-117 (COACHING_COPY.subtitle ""Never a verdict on you — always something to try with the tools""); grep of headline strings shows no deficiency language (""you're behind/low/weak/failing"") in any title/headline — the sole ""measuring low"" phrase is a coaching subtitle, framed positively."
PRIN-002,"§4.2","Principle","UX / UI","Implemented","src/app/(app)/dashboard/page.tsx:778-786 GrowthJourneyCard leads with level; :842-848 wraps the three raw 0–100 ScoreCards in <DiagnosticDetails> (default-collapsed). src/components/companion/growth-journey-card.tsx:45-69 renders level name + tagline + next step, no numeric score. Team/exec surfaces keep numbers direct (dashboard.tsx:1130-1133)."
PRIN-003,"§4.3","Principle","AI & Recommendation Engine","Implemented","src/scoring/evaluate.ts:119-121 (ratio omitted when a side has zero rows), :154-156 (nothing consumed → null, no row); src/scoring/capability-state.ts:154,164 (no/decayed evidence → no row), :185-194 (directional capped unless ≥2 OTel markers → measured); src/lib/capability-glossary.ts:37 (directional never becomes the headline band until measured); src/db/schema.ts:1569 confidenceTier enum measured/modeled/directional/not_measured."
PRIN-004,"§4.4","Principle","Security","Implemented","src/lib/visibility.ts:168 (assertTeamOnlyPseudonymized throws on identity leak) + :23 (toPersonRef nulls name in private) + src/db/schema.ts:97 (visibilityMode default 'private'); self-view tables never read on team surface (src/lib/dashboard-view.ts / api-impl.ts touch none of user_capability_state/rec_interaction_state/recommendation_exposure); interaction route caller-bound src/app/api/recommendations/interaction/route.ts:42"
PRIN-005,"§4.5","Principle","Product Architecture","Implemented","Single engine src/lib/score-insights.ts:661 deriveAttention; consumed by personal dashboard/page.tsx:603, team dashboard/page.tsx:1080, and digest src/lib/digest-content.ts:231 — same function, same catalog (scope.catalog.list()); exec reuses composeNarrative (src/lib/exec-report.ts:369). No second/parallel recommendation evaluator found (grep for evaluateCatalog/selectRecommend/deriveTraining returns none)."
PRIN-006,"§4.6","Principle","AI & Recommendation Engine","Implemented","src/lib/recommendation-catalog.ts:74-97 (closed comparator vocab, zod-validated), :16-17 central guidance suffix; drizzle/0029_recommendation-catalog.sql:32-... (7 human-written rows seeded, versioned, immutable-per-version); no LLM SDK in package.json; grep for anthropic/openai SDK/messages.create in src returns only vendor connectors + 'zero LLM' comments."
PRIN-007,"§4.7","Principle","UX / UI","Implemented","src/poller/run.ts:136 recompute anchors previousDay(today); src/lib/companion-glossary.ts:165-220 buildDailyNudge returns null when nothing fresh (no nag); src/lib/milestones.ts:28-31 no-streak decision recorded; grep confirms no streak/XP/league/hearts anywhere except NOT-list comments."
PRIN-008,"§4.8","Principle","Documentation","Implemented",".claude/agents/adversarial-reviewer.md:1-5 (non-author refute-mode reviewer, rule 4); .claude/workflows/gate-review.js; the KMS overclaim is corrected + fenced in src/lib/credentials.ts:4, docs/legal/dpa.md:56-57, docs/legal/README.md:39-40; src/app/legal/what-we-collect/page.tsx:8-15 generated from the allowlist so copy cannot drift; no live 'KMS' claim in any src/ or docs/legal copy."
PRIN-009,"§4.9","Principle","Product Architecture","Implemented","V4 capabilities are extensions of named modules: recommendation_catalog replaces the retired static map inside the same deriveAttention (score-insights.ts:698-707); capability-state is a parallel reducer in the existing poller step (src/poller/process.ts:105-115 recomputeCapabilityState, 'never touches the frozen score engine'); exec memo wraps composeNarrative (exec-report.ts:11-16,369); OTel receiver reuses the agent device-token scheme (src/lib/otel-receiver.ts:3,45 parseAgentToken); new tables added as isolated org-scope factories (src/db/org-scope/*)."
WF-001,"§5.1","V1-gated","Product Architecture","Blocked","src/app/(app)/dashboard/page.tsx:266 still branches `if (ctx.org.kind === 'personal')` → PersonalSelfView else TeamOverview (page:274); a multi-person Team-org member gets the aggregate view, not a Companion. Gate: no sub-case-C ADR exists in docs/decisions/ (latest 0039; none covers companion-in-team-orgs or dual-source dedup); CLAUDE.md confirms W6-A still gated on the §14 ~6-week dogfood."
WF-002,"§5.2","MVP","UX / UI","Implemented","src/app/onboarding/page.tsx:22-23 renders <OnboardingCompanionPitch/> before <OnboardingWizard/>; src/components/onboarding-companion-pitch.tsx:20-48 renders ONBOARDING_PITCH_COPY (companion pitch + privacy points) ahead of the connect cards."
WF-003,"§5.2","MVP","UX / UI","Implemented","src/app/(app)/dashboard/page.tsx:778-786 GrowthJourneyCard(level, nextStep) is the post-sync headline; src/components/companion/growth-journey-card.tsx renders maturity level name (from maturity-glossary) + single next step, never a raw ""Score 74"" (number demoted behind DiagnosticDetails); honest forming/stale states via companionLevelCopy. Note: FIRST_SYNC_AHA_COPY (companion-glossary.ts:232) is defined but unused — see extra_gaps."
WF-004,"§5.2","Baseline","Notifications","Implemented","Strict personal-best src/lib/digest-content.ts:162-169 (priorBest, > not >=); gated recs via deriveAttention src/lib/digest-content.ts:231; staleness honesty digestFreshness :125 + whole-send suppression :246; RFC-8058 digestListUnsubscribeHeaders src/lib/digest-email.ts:264 (List-Unsubscribe + List-Unsubscribe-Post) with GET-read-only/POST-mutator route src/app/api/digest/unsubscribe/route.ts:53,84. All four elements present."
WF-005,"§5.2","MVP","UX / UI","Implemented","src/components/companion/daily-nudge-card.tsx:12-13 returns null when nudge is null; src/lib/companion-glossary.ts:165-220 buildDailyNudge draws ONE fact from freshestSyncAt/agentic/spend/scores; dashboard.tsx:661-666 feeds maturity.dataAsOf (last sync), never a freshness demand — asOf rendered as ""From your sync <date>"" context only."
WF-006,"§5.2","MVP","Notifications","Implemented","Shared assembly is deriveAttention (src/lib/score-insights.ts): digest calls it via assembleDigest (digest-content.ts:231); dashboard Growth Journey calls it directly (src/app/(app)/dashboard/page.tsx:603, topNextStep :657 → GrowthJourneyCard :778). Parity test-pinned: tests/digest-content.test.ts:231 'digest & dashboard share the SAME coaching source … identical rec selection + order'. NOTE: the spec names src/lib/digest-content.ts as the shared module, but the dashboard does NOT import digest-content.ts — the true shared content-assembly is deriveAttention, which digest-content.ts merely wraps. Functionally the requirement (no divergence between surfaces) is fully met and enforced; the file citation in the spec is imprecise, not a behavioral gap."
WF-007,"§5.3","Baseline","Team Management","Implemented","src/app/invite/[token]/page.tsx (invite-by-link); dashboard/page.tsx:1264-1277 team EmptyState 'No scores yet' (never a falsely-low chart); team-overview-copy.ts:37 championsCold 'invite more of the team'; usage-distribution-panel.tsx:44 honest empty below MIN_PEOPLE_FOR_DISTRIBUTION; segments.ts:70 floor. Cold-start honesty + invite-by-link both present."
WF-008,"§5.4","Baseline","Reporting","Implemented","exec-report.ts:225-344 sections() emits 8 board numbers each with confidence+confidenceLabel; trajectoryLine() ln 142-159 has first-class notComparableInsufficient/notComparablePartial states; plateauLine() ln 162-168; MATURITY_NOT_SCORED (maturity-glossary.ts:220) carried as notMeasured; /maturity page renders MaturityReport. All four spec elements present."
WF-009,"§5.4","V1","Reporting","Implemented","exec-report.ts composeExecReport/readExecReport (pure memo, no LLM); on-demand export src/app/api/exec-report/route.ts (admin-only, 402-gated, HTML one-pager); monthly email src/poller/exec-report.ts runMonthlyExecReport wired via worker.ts:265 → messages.ts:98 (exec-report-monthly) → process.ts:146-160; cron '0 16 1 * *' (wrangler.jsonc:77); org-level month CAS. Same readExecReport path feeds both export and email (byte-identical)."
TEL-001,"§6.1","Frozen","Database","Implemented","src/db/schema.ts:514-516 primaryKey [orgId, subjectId, metricKey, day, dim]; src/db/org-scope/metrics.ts:68-84 onConflictDoUpdate on that exact target set (value/attribution/connectionId/sourceConnector). org_id is part of the PK so a cross-org conflict is a different key by construction."
TEL-002,"§6.1","Frozen","Database","Implemented","src/db/schema.ts:535-562 subject_day_signals: hours smallint().array(), peakConcurrency smallint (nullable), sourceGranularity enum includes 'none', CHECK subject_day_signals_hours_24 (hours IS NULL OR cardinality=24). Input schema src/contracts/metrics.ts:151 hours .length(24).nullable() — absence expressed as NULL, never zero-filled."
TEL-003,"§6.1","Frozen","Database","Implemented","src/contracts/metrics.ts:53-97 CANONICAL_METRICS mirrored by drizzle/0007 seed + additively by 0022/0034; tests/contracts.test.ts:41-49 asserts keys/families/units/dimKinds match the seed exactly. Mechanism (frozen, ADR-gated, seed-mirrored) is intact. NOTE the spec prose '26 keys across 10 families' is STALE: code now has 29 keys / 11 families after sanctioned additive ADRs (agentic family ADR 0022; markers family ADR 0039 adding otel_active_time/otel_edit_accepted/otel_edit_rejected)."
TEL-004,"§6.1","Frozen","AI & Recommendation Engine","Implemented","src/contracts/attribution.ts:25-34 lowestAttribution over the person>key_project>account ladder; src/scoring/evaluate.ts:135-138,164 accumulates consumed attributions and stamps the result with lowestAttribution."
TEL-005,"§6.1","Frozen","Sync & Integrations","Implemented","src/contracts/connector.ts:24-34 defines exactly 7 HonestyGap kinds (oauth_actors_missing, telemetry_only_users_in_totals, shared_key_not_person_level, service_accounts_unresolved, sub_daily_unavailable, sync_window_incomplete, other); persisted at src/db/schema.ts:760 connector_runs.gaps jsonb; written in src/poller/run.ts:446 (dedupeGaps) and src/lib/agent-ingest.ts:231; collected by src/lib/honesty-gaps.ts collectGaps and surfaced in self-view + team dashboard (honesty-gaps.ts:1-8 header) and src/lib/data-confidence.ts."
TEL-006,"§6.1","Frozen","Database","Implemented","src/db/schema.ts:376-407 identities (subject↔person M:N, method enum email_match|manual|vendor_asserted, composite tenant FKs). Auto-resolution pure engine src/lib/identity/resolve.ts:78-92: ONLY kind='person' subjects with non-empty email auto-link; email matching >1 person → ambiguousSubjectIds (human decides); already-touched subjects excluded; applied via src/lib/identity/apply.ts:47. Manual path: src/app/api/reconcile/route.ts + /reconcile page."
TEL-007,"§6.1","Frozen","Billing & Entitlements","Implemented","src/contracts/tracked-user.ts:37-74 (pure countTrackedUsers: person needs an identity row AND an active subject-day in P; unresolved subjects collected into unresolvedSubjectIds, never into trackedPersonIds); src/db/org-scope/billing.ts:17-47 (SQL twin feeds distinct (subject,day) metric_records + identities to the same pure counter); src/contracts/tracked-user.ts:1-22 (frozen-primitive header states the exact definition, matches Spec V4 §6.1)."
TEL-008,"§6.2","V1","Sync & Integrations","Implemented","Channel 1 vendor connectors: src/poller/run.ts + src/connectors/*/normalize.ts (team/billable via tracked_user). Channel 2 Manual Sync: src/lib/agent-ingest.ts + packages/revealyst-agent (individual). Channel 3 OTel receiver: src/lib/otel-receiver.ts measured accept/reject (otel_edit_accepted/rejected) + active time (otel_active_time) per src/contracts/metrics.ts:94-96. All three land in metric_records."
TEL-009,"§6.3","MVP","Sync & Integrations","Implemented","W5-E harvest wired: Cursor isHeadless→feature=headless (src/connectors/cursor/normalize.ts:227), tokens/spend/model from events; Copilot CLI tokens/sessions + agentic (src/connectors/copilot/normalize.ts:114-143); Anthropic web_search/code_execution feature flags (src/connectors/anthropic/normalize.ts:120-186); OpenAI web_search/code_interpreter (src/connectors/openai/normalize.ts:167-214). Remaining unwired fields carry explicit inline skip justifications (double-count / no-honest-home, ADR-gated) pinned by connector tests — deliberate, not unfinished."
TEL-010,"§6.3","V1","Sync & Integrations","Implemented","Cursor native totalAccepts/totalRejects→edit_actions_accepted/rejected and tab funnel suggestions_offered/accepted (src/connectors/cursor/normalize.ts:92-95); Copilot native code_generation/code_acceptance_activity_count→suggestions_offered/accepted (src/connectors/copilot/normalize.ts:82-83); local agent emits NO acceptance metric (packages/revealyst-agent/src/summarize.ts:173-182 flat list has no accept/reject key); true accept/reject only via OTel markers (src/lib/otel-ingest.ts:67-74, src/contracts/metrics.ts:90-96)."
TEL-011,"§6.3","MVP","AI & Recommendation Engine","Implemented","drizzle/0030_capability-graph.sql:59 dedicated capability 'feature-breadth' ('Use a range of AI features'), :71-73 bound to component keys tool_coverage/breadth AND directly to metric_key feature_used, :104-105 recs target it; src/lib/score-insights.ts:378,388-402 featureBreadthFromRows promotes the distinct-workflow count to a milestone/first-class signal."
TEL-012,"§6.3","V1","Sync & Integrations","Missing","No context_window/context-usage metric key or signal anywhere: absent from src/contracts/metrics.ts CANONICAL_METRICS (53-97), from all connector normalize files, and from capability_signals seed (drizzle/0030_capability-graph.sql binds only active_day/agent_*/commits/feature_used/lines_*/model_*/sessions/spend/suggestions). Anthropic usage report exposes context_window as a group_by (connector-facts §3) but it is never harvested (grep for context_window in src/connectors/*/types.ts returns nothing)."
TEL-013,"§6.3","Future","Sync & Integrations","Implemented","Correct absence verified: grep for planning/plan_mode/planMode/planning_behav in src/contracts, src/scoring, src/db/schema.ts, capability engine returns nothing (excluding unrelated 'execution plan' prose). No planning-behaviour signal exists — matches the Future/must-NOT-exist requirement."
TEL-014,"§6.3","Future","Sync & Integrations","Implemented","Correct absence verified: grep for conversation.structure/conversationStructure/conversation_shape/turn_structure/session.shape across src/ returns nothing. Only session-shape stats permitted by the requirement exist — subject_day_signals 24-hour histogram + peak_concurrency (src/db/schema.ts subject_day_signals; populated in cursor/anthropic/agent normalize). No conversation-structure signal beyond that."
TEL-015,"§6.3","Frozen","Sync & Integrations","Implemented","Deliberate drops documented and test-pinned without new ADR: Copilot ai_adoption_phase skip (src/connectors/copilot/normalize.ts:172-186, 'tests/connector-copilot.test.ts pins that no phase dim is ever emitted'); Cursor acceptedLinesAdded/Deleted + totalApplies + plan-mix (subscriptionIncludedReqs/apiKeyReqs/usageBasedReqs) skips (src/connectors/cursor/normalize.ts:100-131, 'tests/connector-cursor.test.ts pins these skips'). All justified against double-count/breadth-inflation, kept dropped."
TEL-016,"§6.4","MVP","Data Confidence","Partially Implemented","src/lib/signal-coverage.ts:69-124 computes per-person sourceCount; src/app/(app)/dashboard/page.tsx:1001-1011 team CoverageAggregate (single-source count, aggregate-only); :631 self-view coverageSourceCount→confidence note; src/lib/score-insights.ts:970-974 'Based on N connected sources'. But src/components/signal-coverage-badge.tsx is dead code — grep shows it is never rendered (only its own def + test)."
TEL-017,"§6.4","Kill","Sync & Integrations","Implemented","Kills respected. No 'true accept/reject' from local proxies: packages/revealyst-agent/src/summarize.ts emits no acceptance keys; only OTel emits otel_edit_accepted/rejected (src/lib/otel-ingest.ts:67-74). No resident collector: grep for daemon/resident/always-on/setInterval/watch/cron in packages/revealyst-agent/src returns nothing (CLI is invoked per-sync). No 'time saved' telemetry category: grep for time_saved/hours_saved returns only refusal copy (methodology/page.tsx:224, exec-report-copy.ts:214, maturity-glossary.ts:228 'ROI and time saved' as an explicit NOT-scored refusal, not a metric)."
ENT-001,"§6.4","V1","Database","Implemented","src/db/schema.ts:1128-1183 roles (global ref, slug PK) + role_assignments (org-scoped, PK org_id/person_id, composite tenant FK cascade, role_slug FK roles.slug). drizzle/0026 seeds engineering-only slugs (backend/frontend/fullstack/mobile/platform/data/ml/sre). ADR 0030. recommendation_catalog.applicable_roles validated against roles.slug — roles ship before role-specific content consumes them."
ENT-002,"§6.4","V1","Database","Implemented","src/db/schema.ts:1286-1416 recommendation_catalog: seeded versioned reference table (org_id nullable = global preset, NULLS NOT DISTINCT unique on org_id/slug/version), §8.2 metadata columns (benefit/difficulty/confidence/signalGroup/insightKind/suggestedActionType with DB CHECK guards + requiredSignals jsonb closed vocabulary). drizzle/0029 seeds the 7 static recs VERBATIM. ADR 0033. Purged in account-deletion.ts:95 (org-authored rows only)."
ENT-003,"§6.4","MVP","Database","Implemented","src/db/schema.ts:1035-1073 rec_interaction_state (PK org_id/person_id/rec_id, enum snoozed|dismissed|tried, snooze_until, composite tenant FK cascade). Self-view enforced at src/app/api/recommendations/interaction/route.ts:43 (person.authUserId !== ctx.user.id → 403); NO read route exists (managers cannot read). ADR 0028. Purged before people (account-deletion.ts:56-64)."
ENT-004,"§6.4","Future","Database","Implemented","No 'outcomes' pgTable in src/db/schema.ts and no outcomes table in any drizzle/*.sql (grep clean); only prose mentions 'Outcomes-loop forerunner' (schema.ts:62,1022) and 'outcome-named ability' (1438). Entity correctly ABSENT — stays Future/demand-gated, does not ship hollow."
ENT-005,"§6.4","V1","Database","Implemented","src/db/schema.ts:1704-1745 recommendation_exposure: org-scoped, unique dedupe (org/person/rec/surface/shownAt) = idempotent per day, composite tenant FK cascade, experimentKey/variant columns. No API route (grep of src/app/api/ for 'exposure' empty); src/db/org-scope/exposures.ts list() is server-side-only, log() ON CONFLICT DO NOTHING, forUser() self-view. Deterministic assignment src/lib/experiments.ts:23 EXPERIMENTS=[] (empty registry) + stable-hash assignVariant. Purged before people (account-deletion.ts:78). ADR 0038."
ENT-006,"§6.4","V1","Database","Implemented","src/db/schema.ts:1428-1533 domains/capabilities/capability_signals/capability_dependencies = global reference (no org_id), seeded in drizzle/0030. 9 outcome-named capabilities seeded (ai-coding-foundations/feature-breadth/consistent-daily-use/effective-prompting/agentic-delivery/cost-efficient-usage/ship-with-ai/code-review-with-ai/model-selection). capability_signals CHECK binds exactly one of metric_key/component_key (already-ingested signals only); capability_dependencies = shallow DAG (no-self-edge CHECK, acyclicity in seed test). Relational, not a graph DB. recommendation_catalog.target_capabilities additive array column (schema.ts:1361) links recs. ADR 0035."
ENT-007,"§6.4","V1","Database","Implemented","src/db/schema.ts:1546-1611 user_capability_state: org-scoped PK org_id/person_id/capability_slug, mastery/confidence/confidenceTier/evidenceCount/staleness/nextCapability/components jsonb, composite tenant FK cascade, org-batched indexes. Engine src/scoring/capability-state.ts:185-194 caps 'directional' UNLESS ≥2 bound OTEL_MARKER_METRIC_KEYS have evidence → 'measured' (MEASURED_MARKER_MIN, ADR 0039); zero evidence → no row (honesty). Three registrations present (tenant-isolation mastery.forPerson(B), PURGE before people account-deletion.ts:71, ADR 0036)."
ENT-008,"§6.4","V1","Database","Implemented","src/db/schema.ts:1620-1694 missions/mission_steps global ref (drizzle/0032 seeds 3 starters) + mission_progress org-scoped (PK org/person/mission, completed_at set by reducer not user). Completion is measured crossing (isMissionComplete referenced in capability-state engine; schema comment 1631-1633). Opt-in start route only write. NO xp/streak/league/points column anywhere (grep clean); schema comment 1617-1619 cites schema-shape + banned-phrasing tests (tests/missions.test.ts). Three registrations present (missions.progressForOrg, PURGE account-deletion.ts:75, ADR 0037)."
SCORE-001,"§7.1","Frozen","AI & Recommendation Engine","Implemented","src/scoring/evaluate.ts:107-121 ratio component skipped (continue) when numerator OR denominator has zero rows; :154-156 returns null (no row) when consumed.length===0; matches CLAUDE.md scoring-engine rule."
SCORE-002,"§7.1","Baseline","AI & Recommendation Engine","Implemented","drizzle/0009_*.sql:6-16 seeds three global (org_id NULL) presets adoption/fluency/efficiency; docs/score-definitions.md:4,68,82,99 documents Adoption/Fluency/Efficiency."
SCORE-003,"§7.1","MVP","UX / UI","Implemented","src/components/companion/diagnostic-details.tsx:22 Collapsible defaultOpen={false} wraps ScoreCards; dashboard.tsx:842-848 passes the three raw ScoreCards as children; band+narrative+next step lead above via GrowthJourneyCard."
SCORE-004,"§7.1","Kill","UX / UI","Implemented","grep 'ai health' finds only (a) comments documenting the killed per-person blended number (growth-journey-card.tsx:20, diagnostic-details.tsx:17, dashboard.tsx:776) and (b) the TEAM section title ""Team AI health"" (team-overview-copy.ts:17). No blended individual 0–100 aggregate is computed or rendered on the personal self-view — scores stay per-definition (adoption/fluency/efficiency)."
SCORE-005,"§7.1","V1","AI & Recommendation Engine","Implemented","src/scoring/capability-state.ts:69-206 per-capability mastery breakdown (self-view via user_capability_state), confidenceTier defaults directional and only upgrades to measured with ≥2 bound OTel markers (:185-194); rendered by src/components/companion/capability-profile-card.tsx; the V4 'marker-level proficiency breakdown' shipped as the 9-capability decomposition of the one band."
SCORE-006,"§7.1","MVP","Reporting","Implemented","Distribution via export: maturity-csv.ts + api/maturity/export/route.ts (board-ready CSV of the 8 numbers, reuses readMaturityView). Distribution via email: the monthly exec memo (poller/exec-report.ts) carries the 8 maturity board numbers + level + trajectory + plateau. No redesign of the maturity model — it is reused verbatim."
SCORE-007,"§7.2","Principle","Data Confidence","Implemented","Three distinct lanes never blurred: (1) own past self — score trends + isNewBest (score-insights.ts); (2) org peers aggregate — usage-distribution.ts percentile()/concentration, aggregate-only (module header ln 6-10); (3) outside world — benchmarks/norms.ts:23 BENCHMARK_NORMS_VERSION=0 with 'Revealyst modeled estimate (unverified)' labels (ln 37,45,52). Cross-org k-anon gated on benchmark_consent (db/benchmark-consent.ts), not code. Verified benchmarks only render when status:'verified' (dashboard page ln 341)."
SCORE-008,"§7.3","MVP","AI & Recommendation Engine","Implemented","src/lib/recommendation-catalog.ts:49-57 InsightKind = data-hygiene/adoption/effectiveness-verification/spend/agentic-transition/early-warning/narrative/milestone-positive (matches spec §7.3 incl. the added milestone/positive); src/lib/score-insights.ts:447-453 AttentionItem.kind carries milestone/anomaly/plateau/spend/agentic-transition/recommendation."
SCORE-009,"§7.3","Kill","UX / UI","Implemented","src/lib/segments.ts:40-45 SegmentBreakdown type comment ""COUNT-ONLY IN EVERY VISIBILITY MODE ... segment membership is NEVER surfaced""; SegmentBreakdown component is imported and rendered ONLY in TeamOverview (dashboard.tsx:1214, inside the team hasScores branch); the PersonalSelfView renders no segment/personality label. segmentFor is a manager-aggregate lens only."
COACH-001,"§8.2","V1","AI & Recommendation Engine","Implemented","drizzle/0029_recommendation-catalog.sql:1-27 table with all §8.2 columns + version; seed rows carry title/body/signal_group/required_signals/benefit/difficulty/confidence/insight_kind/suggested_action_type; unique(org_id,slug,version) makes rows immutable-per-version so growing it is a reviewed PR; read via src/db/org-scope/catalog.ts."
COACH-002,"§8.2","Principle","AI & Recommendation Engine","Implemented","src/lib/recommendation-catalog.ts:74-90 discriminated-union comparator vocabulary; :142-163 evaluateRequiredSignals iterates the closed set with a fail-closed default; no LLM anywhere in selection/generation (grep clean)."
COACH-003,"§8.2","V1","Backend","Implemented","src/db/org-scope/catalog.ts:27-50 (single SELECT, global∪org, one round trip); src/lib/dashboard-view.ts:302 + :299-301 comment (catalog.list() folded into the one flat Promise.all); src/poller/digest.ts:171 + :168-170 (ONE read for the digest path); src/lib/score-insights.ts:661,698-707 (deriveAttention RECEIVES `recommendations` and evaluates candidates in memory per person — no DB); src/scoring/recompute-capability-state.ts uses missions.catalog() not recommendation catalog, and the per-person capability reducer batches all reads (tests/perf/capability-state-queries.test.ts). No per-person catalog query exists."
COACH-004,"§8.2","V1","AI & Recommendation Engine","Implemented","src/lib/recommendation-catalog.ts:227-234 UTILITY_WEIGHTS exactly matches spec (0.35/0.20/0.15/0.10/0.10, −0.05 difficulty, − fatigue); :284-313 computeUtilityBreakdown/computeUtility; src/lib/score-insights.ts:948 ranks by utility then weakest-first tie-break (output-equivalence under uniform metadata); tests/utility-ranker.test.ts exists."
COACH-005,"§8.2","V1","AI & Recommendation Engine","Implemented","src/lib/score-insights.ts:505-540 isRecEligible (role/tool overlap + fails-closed prereq gate — missing state counts as not mastered); applied at dashboard src/app/(app)/dashboard/page.tsx:627-628 and digest src/poller/digest.ts:231-241 identically, both with the forming-user safeguard (prereq gate only once ≥1 capability mastered, page.tsx:495, digest.ts:234)."
COACH-006,"§8.2","V1","UX / UI","Implemented","src/lib/score-insights.ts:969 whyLine = UTILITY_REASON[dominantUtilityTerm(breakdown)] (derived from the actual ranking term, cannot drift); :971-974 confidenceNote = `Based on ${n} connected source(s).`; src/components/companion/coaching-card.tsx:76-84 renders whyLine + confidenceNote per rec. dominantUtilityTerm/UTILITY_REASON in recommendation-catalog.ts:316-338."
COACH-007,"§8.2","V1","Testing & CI","Implemented","tests/digest-content.test.ts:231-263 pins digest is a prefix of dashboard in identical order (dashboard.slice(0,digest.length) === digest), both driving deriveAttention off the same catalog + scoreComponents; :265-320 pins identical prereq-gate exclusion on both paths. Runtime shared source confirmed: src/app/(app)/dashboard/page.tsx:603-633 and src/lib/digest-content.ts:231-262 both call deriveAttention with recommendations = scope.catalog.list() (dashboard-view.ts:302, poller/digest.ts:171) plus the same scoreComponents and eligibility context (connectedTools/masteredCapabilities/capabilityPrereqs)."
COACH-008,"§8.2","MVP","UX / UI","Implemented","src/db/schema.ts:1380-1413 suggested_action_type enum + CHECK constraint = ['link-out','in-product-setting','vendor-deep-link'] (semantic match to link-out-doc/in-product-setting/deep-link-to-vendor-settings); src/lib/recommendation-catalog.ts:42-45 SuggestedActionType type. grep confirms no 'Revealyst does X for you' / write-automation copy anywhere (the only 'Revealyst doesn't' hits are honest spend-split disclaimers)."
COACH-009,"§8.3","MVP","AI & Recommendation Engine","Implemented","src/components/companion/coaching-card.tsx:101-107 renders RecInteractionActions only when personId is present; src/app/(app)/dashboard/page.tsx:794-797 passes personId + triedRecIds on the self-view; :647-653 deriveRecInteractionView filters dismissed/snoozed upstream; a manager/team surface passes no personId so no interaction state renders."
GJ-001,"§8.4","MVP","Growth Companion","Implemented","src/components/companion/growth-journey-card.tsx:25-138 + src/app/(app)/dashboard/page.tsx:778-786; level from readMaturityView, nextStep=topNextStep (top deriveAttention recommendation from catalog), no new storage (recompute-on-read), two scales only (maturity level for org-of-one, coaching next step for person)."
GJ-002,"§8.4","MVP","Growth Companion","Implemented","src/lib/milestones.ts:105-160 detectMilestones (first-agent-session, feature-breadth, weekly-cadence, new-best extending isNewBest); rendered in-app via MilestoneCard at src/app/(app)/dashboard/page.tsx:790 (not digest-only); new-best rides isNewBest plumbing (milestones.ts:21-27)."
GJ-003,"§8.4","MVP","Growth Companion","Implemented","src/lib/milestones.ts:29-34,62,90-96,148-155 records the no-streak decision; weekly-cadence renders as count-free forgiveness narrative (MILESTONE_COPY.weeklyCadence carries no number). Also src/lib/companion-glossary.ts MILESTONE_COPY. No streak counter UI anywhere."
GJ-004,"§8.4","V1","Growth Companion","Implemented","src/components/companion/coaching-card.tsx (persistent card, always rendered dashboard:794) fed by ctx.scope.catalog.list() -> deriveAttention (dashboard:405,603-633) and rec interaction state via deriveRecInteractionView (dashboard:647-653, snooze/dismiss/tried). Deterministic from catalog + measured scores, not regenerated daily; top rec also seeds Growth Journey next step."
GJ-005,"§8.4","V1","Growth Companion","Implemented","src/components/companion/capability-profile-card.tsx (positive-first band decomposition, forming state, no raw number) rendered at dashboard:804 backed by user_capability_state via ctx.scope.mastery.forUser(ctx.user.id) (dashboard:412); self-view by construction (caller passes only signed-in user's rows)."
GJ-006,"§8.4","V1","Growth Companion","Implemented","src/components/companion/mission-card.tsx renders opt-in Start (MissionStartButton) -> 'N of M steps reached' (MISSION_COPY.stepProgress) -> grounded complete; dashboard:519-535,817 derives status from measured mastery + opt-in progress; completion is server-detected, no click-to-complete."
GJ-007,"§8.4","V1","Growth Companion","Missing","No band-keyed curricula, learning-goals entity, or content model sequencing the catalog exists. Only inert scaffolding: capabilities.learning_path column (src/db/schema.ts:1458, nullable, 'Null until authored') is not referenced by any lib/component/app file (grep), and recommendation_catalog.learningResources (schema.ts:1348; src/lib/recommendation-catalog.ts:122,181,207) is carried in the model but never rendered by coaching-card.tsx."
GJ-008,"§8.4","Kill","Growth Companion","Implemented","Correctly absent + test-enforced: src/lib/milestones.ts:28-31 records the no-streak decision (no streak flame/XP/leagues/hearts); tests/missions.test.ts:75-78 schema-shape guard bans any xp/streak/league/points/level/badge column; src/components/companion/companion-cards.test.tsx:179,300 assert rendered companion copy never matches streak|xp|league|points|badge; every repo match for streak/XP/league/hearts is a prohibition comment, not a mechanic."
POP-001,"§9.1","V1-gated","Growth Companion","Blocked","PersonalSelfView machinery is invoked ONLY for ctx.org.kind === 'personal' (src/app/(app)/dashboard/page.tsx:266); a member inside a Team org falls through to TeamOverview and gets no personal self-view. No sub-case-C / companion-in-team ADR exists (docs/decisions latest is 0039-otel-measured-tier; none named companion/sub-case/dual-source)."
POP-002,"§9.2","Frozen","Security","Implemented","src/lib/visibility.ts:88-116 (registry: score name / segment members / shared-account externalId) + :168 throws; completeness test-enforced src/lib/visibility.test.ts:72-78 (identityManifestGaps toEqual {missing:[],extra:[]})"
POP-003,"§9.2","Frozen","Authentication & Authorization","Implemented","src/db/schema.ts:93-97 visibilityMode default(""private""); src/app/api/settings/route.ts:23-38 visibility change is adminOnly+allowOverFreeBand (only an admin can loosen, tightening never blocked); src/lib/visibility.ts:23-30 toPersonRef loosening affects displayName ONLY; src/app/(app)/dashboard/page.tsx:266-274 PersonalSelfView (per-person recs/interaction state) fires only when org.kind===""personal"", else TeamOverview; dashboard/page.tsx:1080-1093 team deriveAttention consumes team-aggregate scoreComponents/scoreDrops + shared catalog + capability LABELS only — no per-person recs, no recInteractions, independent of visibilityMode; src/app/api/recommendations/interaction/route.ts:42-44 self-only 403."
POP-004,"§9.2","MVP","Team Management","Implemented","segments.ts:66-77 championSegment returns null below SEGMENT_MIN_PEOPLE_TO_NAME=4 (ln 58,70); it is the ONLY sanctioned path to name a leading cohort (comment ln 63-65); training-opportunities-card.tsx:30,44-47 uses it and falls back to championsCold copy when floored. Floor enforced in the function so no call site can forget it."
POP-005,"§9.2","V1","Team Management","Implemented","Team rollup: dashboard-view.ts:507 filters coverageCounts by withState >= SEGMENT_MIN_PEOPLE_TO_NAME (below-floor dropped entirely), rendered by CapabilityCoverageCard (dashboard/page.tsx:1213); row type is count-only (label/mastered/total, no person id/name). Exec-memo line: exec-report.ts:355-366 capabilityCoverageLine + readExecReport ln 446-453 applies the SAME MIN_PEOPLE floor/label-join/share-sort. Both count-only, never a person id."
POP-006,"§9.3","Frozen","Shared Accounts","Implemented","Frozen behavior intact: usage-distribution.ts header (ln 12-29) documents shared subjects excluded from per-person volume/day math, resolved-identities-only; tracked_user contract (src/contracts/tracked-user.ts, referenced ln 21-23) counts resolved identities only for billing, unresolved surfaced never billed; shared-account-flags.tsx renders detection flags aggregate-only with guidance-first migration copy (playbook link, not fabrication)."
POP-007,"§9.4","V1-gated","Security","Blocked","No sub-case-C ADR exists (docs/decisions/ ends at 0039; grep for sub-case/companion-in-team/dual-source returns nothing). Companion is gated to personal orgs: src/app/(app)/dashboard/page.tsx:266 renders PersonalSelfView only when ctx.org.kind==='personal', else TeamOverview. Prereqs (a) audit predicate generalized+completeness = src/lib/visibility.ts; (b) dual-source dedup = rowsForSubjects (src/scoring/preview.ts:60,85); (c) surfaced-not-billed = tracked_user contract."
SYNC-001,"§10","Baseline","Sync & Integrations","Implemented","Two-command copy-paste: src/lib/agent-sync.ts:26-32 (login --token, sync). Streaming parser: packages/revealyst-agent/src/stream.ts (line stream, avoids V8 string ceiling). Window pinning: packages/revealyst-agent/src/window.ts trailing inclusive UTC window. Post-commit recompute enqueue: src/lib/agent-ingest.ts:241-265 (score-recompute after tx commit). SyncStatusBadge + 14-day staleness banner: src/lib/agent-sync.ts:38 SYNC_STALE_AFTER_DAYS=14 consumed by src/components/sync-staleness-banner.tsx + sync-status-badge.tsx + dashboard/connections pages. sync_window_incomplete honesty gap: src/contracts/connector.ts:31 + agent-ingest.ts:231 gaps sink."
SYNC-002,"§10","MVP","UX / UI","Implemented","src/app/(app)/dashboard/page.tsx:661-666 daily nudge built from maturity.dataAsOf (freshest successful sync); dashboard.tsx:760 SyncStalenessBanner badges freshness honestly; buildDailyNudge returns null (silence, not a nag) when stale/nothing fresh; connections-copy.ts header comment enforces ""freshness is a badge, not a prompt""."
SYNC-003,"§10","MVP","UX / UI","Partially Implemented","src/components/sync-transparency-panel.tsx:68-84 renders ""Your last sync: N records · M day signals · S subjects · window"" from already-computed connector_runs (the 'captured N across M days' half); the 'here's one thing you did well' positive half is the separate DailyNudgeCard on the companion (dashboard.tsx:792), not adjacent to the sync facts."
SYNC-004,"§10","MVP","UX / UI","Implemented","src/components/sync-transparency-panel.tsx renders AGENT_SENT_FIELDS/AGENT_ON_DEVICE_ONLY_FIELDS/AGENT_NEVER_COLLECTED (from src/lib/agent-collection-schema, the allowlist mirror) + last-run event/day/subject counts + window; connections/page.tsx:92-102 derives LastSyncFacts from connector_runs; noRunYet copy is honest (connections-copy.ts:38-40). Rendered on /connections in the LOCAL_SECTION (connections/page.tsx:253)."
SYNC-005,"§10","MVP","UX / UI","Implemented","src/app/(app)/connections/page.tsx:212-255 renders two labeled sections — POLLED_SECTION (""Connectors we poll for you"") and LOCAL_SECTION (""Local sync you run yourself""); copy defined in src/lib/connections-copy.ts:9-20 separating the one-click-poll vs run-a-CLI mental models."
SYNC-006,"§10","Kill","Security","Implemented","No drag-drop/file-upload/browser-persistent-grant flow in src/app or src/components; only negation copy (src/components/sync-agent-card.tsx:27 'no file upload'; src/app/page.tsx:178 'No extension, no proxy'). No showDirectoryPicker/FileSystemHandle/localStorage-token anywhere."
SYNC-007,"§10","Future","Sync & Integrations","Implemented","Resident/cadence-aware agent correctly demoted-not-dead (absent): no daemon in packages/revealyst-agent/src. The go/no-go deciding telemetry exists: connections.last_success_at (src/db/schema.ts:268, stamped in src/db/org-scope/connections.ts:181,217) plus append-only connector_runs history. The actual go/no-go remains an open Future decision by design (requirements.csv OQ-006)."
MVP-001,"§11.2","MVP","Growth Companion","Implemented","src/app/(app)/dashboard/page.tsx:266-274 routes personal orgs to PersonalSelfView; 778/794/792 render GrowthJourneyCard + CoachingCard + DailyNudgeCard leading; raw 0-100 ScoreCards demoted behind DiagnosticDetails expander (842-848). companion-cards.test.tsx:85-88 asserts no raw score/2-3-digit number in the headline. Score-first PersonalSelfView layout is replaced."
MVP-002,"§11.2","MVP","AI & Recommendation Engine","Implemented","Optimization metadata evolved from the retired static-map type extension into catalog columns benefit/difficulty/confidence/suggested_action_type (drizzle/0029) consumed by computeUtility (src/lib/recommendation-catalog.ts:285-301); G6-compliant (data, not code/LLM). The static map (coaching-recommendations.ts) was replaced by the seeded catalog — a superset of the MVP type extension."
MVP-003,"§11.2","MVP","Team Management","Implemented","dashboard/page.tsx:1115-1243 TeamOverview folds the panels into EXACTLY 5 audience-scoped card sections (a Team AI health / b AI maturity / c Training opportunities / d Benchmarks & distribution / e Data trust); every retired panel component is preserved and re-grouped (comment ln 1116-1120). Exec 8-number report gets distribution via MaturityExportButton (CSV) + link to /maturity + the monthly exec memo email."
MVP-004,"§11.2","MVP","Notifications","Implemented","src/poller/budget-alert.ts maybeSendBudgetAlert renders via src/lib/budget-alert-email.ts and sends through the SES sender (sendEmail from src/lib/email.ts, budget-alert.ts:68,131); CAS budgetAlertState.claimThreshold (budget-alert.ts:99) → exactly once per (org,month,threshold); wired on spend refresh in src/poller/run.ts:157. In-app banner pre-existed (readBudgetAlertForRole)."
MVP-005,"§11.2","MVP","Reporting","Implemented","Within-org percentile lens: usage-distribution.ts:158 percentile() (linear-interpolated, explicitly 'not a benchmark' — the within-org lane per §7.2, distinct from external percentileFor), rendered median/p90 in UsageDistributionPanel (ln 88-96). Board-ready CSV: maturity-csv.ts + api/maturity/export/route.ts (attachment, no-store, 402-gated)."
MVP-006,"§11.2","MVP","Notifications","Implemented","digest-content.ts extended with Growth-Journey delivery: DigestContent.milestones (src/lib/digest-content.ts:96), detectMilestones assembly :276, new-best rides strict isNewBest, weekly-cadence-with-forgiveness hasSustainedRhythm :333. Rendered as a distinct 'Your growth journey' section src/lib/digest-email.ts:147-168. Digest is the Growth-Journey vehicle as specced."
V1-001,"§11.3","V1","Sync & Integrations","Implemented","POST /v1/metrics (src/app/v1/metrics/route.ts) + POST /v1/logs (src/app/v1/logs/route.ts) exist. Device-token scheme reused for metrics: src/lib/otel-receiver.ts:45-64 parseAgentToken + withCredential timing-safe verify (identical to agent-ingest). Pure decoder src/lib/otel-ingest.ts tested against REAL captured fixtures (tests/otel-ingest.test.ts:11-17 loads fixtures/otel/*.captured.json). Content flags off / scrubbing by construction: decoder reads only numeric marker values + subject attrs (user.id/email/developer.name), never content; scripts/otel-capture.mjs:21 never sets OTEL_LOG_USER_PROMPTS. Note: /v1/logs deviates from 'reusing device-token scheme' (see extra_gaps) but is a non-persisting accept-only stub by design."
V1-002,"§11.3","V1","Reporting","Implemented","src/poller/renewal-reminder.ts maybeSendRenewalReminders; T-30/T-7 via src/lib/renewal-reminders.ts:8 RENEWAL_REMINDER_THRESHOLDS=[30,7] + strict dueRenewalThreshold :27; CAS renewalReminderState.claim(connectionId,date,threshold) (renewal-reminder.ts:99); honest 'You entered this renewal date yourself. No vendor reports renewal dates… Revealyst can't confirm' src/lib/renewal-reminder-copy.ts:43; daily cron wrangler.jsonc:72 → src/worker.ts:279."
NOT-001,"§11.5","NOT","AI & Recommendation Engine","Implemented","No LLM SDK in package.json (grep anthropic/openai/langchain/ai-sdk empty); no messages.create/chat.completions/generateText in src; all coaching text is human-written catalog rows (drizzle/0029) appended with a fixed disclaimer (recommendation-catalog.ts:16-17). Correctly absent."
NOT-002,"§11.5","NOT","Security","Implemented","No extension/proxy/capture code; all matches are negation copy (src/app/page.tsx:180 'We rejected browser extensions outright'; src/app/(app)/compliance/page.tsx:37; src/app/legal/privacy/page.tsx:60). Ingestion is admin-API connectors + user-run CLI agent + OTel only."
NOT-003,"§11.5","NOT","Security","Implemented","Content never ingested in any mode: packages/revealyst-agent/src/parse.ts reads block TYPE only (:87) and never denylisted content; src/lib/agent-ingest.ts:145-152 bounds dim; src/lib/otel-ingest.ts reads markers only; src/lib/agent-collection-schema.ts lists message.content/toolUseResult as AGENT_NEVER_COLLECTED. No content field exists in the data model, so Team mode is structurally safe."
NOT-004,"§11.5","NOT","AI & Recommendation Engine","Implemented","No time-saved/ROI metric or category exists; ROI/time-saved is a first-class refusal (src/lib/maturity-glossary.ts:228-232 roi_time_saved 'never ship one'); expected impact renders qualitative benefit levels only (high/medium/low, recommendation-catalog.ts:34). methodology/exec copy explicitly disclaim ROI. Correctly absent."
NOT-005,"§11.5","NOT","AI & Recommendation Engine","Implemented","src/lib/maturity-glossary.ts:233-238 'Per-person quality or ranking' is a Group-C refusal ('never rate or rank named individuals'); src/components/companion/growth-journey-card.tsx:77 'a leading indicator, not a productivity score'; no velocity/authorship/AI-vs-human score in code. Correctly absent."
NOT-006,"§11.5","NOT","Data Confidence","Implemented","src/lib/maturity-glossary.ts:220-226 shadow_ai refusal ('would be a guess dressed as a measurement'); src/components/maturity/maturity-number-grid.tsx:136-138 dark-seat waste rendered with a not_measured/directional confidence badge, never modeled; confidenceTier enum includes not_measured. Correctly absent (gap stated, not modeled)."
NOT-007,"§11.5","NOT","Authentication & Authorization","Implemented","Absence verified. No READ route for rec-interaction state exists: src/db/org-scope/rec-interactions.ts:8-12 (self-view by construction); only caller = dashboard/page.tsx:401 statesForUser(ctx.user.id) inside org-of-one PersonalSelfView, and POST route (interaction/route.ts:42) 403s non-owner. Individual coaching/recs never enter the team path: TeamOverview deriveAttention (dashboard/page.tsx:1080) receives no recInteractions and only team-aggregate inputs; digest.ts:144-146,165-167 reads per-person dismissals ONLY in the personal (org-of-one) lane and returns anonymous rec-id strings. Capability/mission/exposure self-view: mastery.forUser/missions.progressForUser/exposures.forUser all inner-join people.auth_user_id (org-scope/mastery.ts:84, missions.ts:65, exposures.ts:60) and are called only with ctx.user.id (dashboard/page.tsx:412,416) or the digest owner; exposures.ts:5-14 documents NO manager/admin read route and grep confirms forUser/list are never wired to a route (only exposures.log write in digest.ts:322). Team rollup uses aggregate count-only mastery.coverageCounts (dashboard-view.ts:309), carrying no person id."
NOT-008,"§11.5","NOT","AI & Recommendation Engine","Implemented","src/lib/custom-index.ts:6-8 reuses the frozen scoreComponentsSchema (closed aggregation vocab; no per-tenant expressions/DSL), :43-48,98-99 CUSTOM_INDEX_SUBJECT_LEVELS = team/org with person explicitly rejected; src/app/api/indexes/route.ts publishes an ordinary score_definitions row. No formula DSL. Correctly absent."
NOT-009,"§11.5","NOT","Infrastructure","Implemented","Grep of src/**/*.{ts,tsx} for saml|scim|hris|mdm|okta|onelogin|workos|azure ad|ldap|sso returns zero runtime matches; only src/app/page.tsx:234 lists ""SSO and audit (roadmap)"" as an unbuilt Enterprise marketing bullet. No enterprise procurement machinery exists. The `roles`/`role_assignments` tables are internal RBAC assignment (Settings), not SCIM provisioning. MDM agent was retired (no code references). Correctly absent — the Kill is honored."
NOT-010,"§11.5","NOT","AI & Recommendation Engine","Implemented","grep for dora/deployment frequency/lead time/mttr/change failure in src returns only unrelated hits (renewal-reminder lead time, agentic coverage). No DORA/dev-intelligence suite; no GitHub outcome layer (Outcomes entity stays Future). Correctly absent."
NOT-011,"§11.5","NOT","Growth Companion","Implemented","Correctly absent: grep for 'AI news|news feed|newsfeed|editorial|news-feed' across the repo hits only docs (spec/direction/plan/requirements), zero source files. No editorial/news feed surface exists in src/."
NOT-012,"§11.5","NOT","AI & Recommendation Engine","Implemented","src/lib/recommendation-catalog.ts:42-45 SuggestedActionType closed enum = link-out/in-product-setting/vendor-deep-link (all read-only/navigational); grep for 'does X for you'/automatically apply/writes to your returns nothing. No third-party write automation. Correctly absent."
NOT-013,"§11.5","NOT","AI & Recommendation Engine","Implemented","grep for ask ai/ask-ai/nl-query/natural language query/chat surface in src returns nothing; no chat component or LLM query endpoint exists. Correctly absent."
NOT-014,"§11.5","NOT","Billing & Entitlements","Implemented","Correctly absent: src/db/org-scope.ts:74-104 ensureOrgOfOne is the single signup path — every user gets one personal org-of-one via Better Auth, no separate Personal acquisition/checkout funnel; src/lib/entitlements.ts:3-7 comments confirm the free/paid line is the tracked_user count vs entitlement, not org kind (org.kind never becomes a distinct billing funnel). No second B2C funnel, pricing path, or onboarding split for Personal exists; Personal reuses identical machinery (Spec V4 §11.5, §14)."
NOT-015,"§11.5","NOT","AI & Recommendation Engine","Implemented","drizzle/0026_roles-entity.sql:28-37 seeds engineering-only roles (backend/frontend/fullstack/mobile/platform/data/ml/sre); catalog applicable_roles is empty at launch; no non-engineering role library. Correctly absent (spec §16.3 M365/Workspace expansion still gated)."
NOT-016,"§11.5","NOT","Notifications","Implemented","Absence verified: 0 hits for slack/microsoft-teams/msteams as a delivery channel across src/ (grep). No Slack/Teams/Discord deps in package.json; no deliveryChannel/notificationChannel abstraction. The only 'webhook' in schema.ts:848-869 is the Paddle billing webhook, not a notification channel. Delivery is email-only via SES."
NOT-017,"§11.5","NOT","Growth Companion","Implemented","Correctly absent: all streak/XP/league/points/hearts matches in src/ are negations or false positives — src/db/org-scope/missions.ts:16 ('nothing here tracks streaks/points/xp'), src/lib/capability-glossary.ts:79 ('NO points/streak/league/badge'), src/components/companion/mission-card.tsx:19 ('NO points/streak/league/badge-collection'), and false positives ('points to', 'leaderboard' in negation, data 'points'). Weekly-cadence renders count-free forgiveness narrative (src/lib/milestones.ts:90-96). Enforced by companion-cards.test.tsx (asserts no raw-number headline) and a banned-phrasing test referenced at capability-glossary.ts:79."
NOT-018,"§11.5","NOT","Infrastructure","Implemented","Grep of src/ and package.json for kafka|clickhouse|kinesis|pulsar|rabbitmq|tensorflow|pytorch|onnx|sagemaker|scikit|xgboost returns zero matches; no services/ or workers/ dirs (no separate ML service — capability scoring is pure TS in src/scoring, OTel decoding is pure src/lib/otel-ingest.ts, receiver is in-process routes at src/app/v1/*). Vendor allowlist src/contracts/attribution.ts:51-56 = github_copilot, cursor, anthropic_console, anthropic_claude_enterprise, openai, claude_code_local — no Chinese-vendor connectors. Queueing uses Cloudflare Queues, not Kafka. Correctly absent."
NOT-019,"§11.5","NOT","AI & Recommendation Engine","Implemented","Relational capability graph only (drizzle/0030, not a graph DB); deterministic ranker computeUtility (no ML/bandit/BKT — grep clean); individual persona labels killed; missions carry no XP/streak/league/points (enforced by tests/missions.test.ts + src/components/companion/mission-card.tsx:19 and milestone-card.tsx:25 negative comments); no LMS/course/certification (grep clean). Correctly absent."
BILL-001,"§11.5","Frozen","Billing & Entitlements","Implemented","src/lib/entitlements.ts:11 (FREE_TRACKED_USER_LIMIT = 5, single source); src/app/page.tsx:203-231 ($0/forever Personal, $2 '/ tracked user / mo' Team) and page.tsx:217,314 render the constant; src/app/legal/terms/page.tsx:49 renders the constant; src/app/page.tsx:693 + legal/terms:58-84 + legal/privacy:33,118 state Paddle as Merchant of Record. Note (not a defect): page.tsx:226 adds a time-boxed founder promo ('50% off — $1 per tracked user — through Aug 31, 2026'), a labeled discount over the $2 base, not a base-price change."
BILL-002,"§14","Frozen","Billing & Entitlements","Implemented","src/metering/meter.ts:59-85 (setQuantityIf claims the transition BEFORE updateSubscriptionQuantity/Paddle PATCH; on PATCH throw, a reverse CAS rolls the claim back so a retry re-charges rather than drifting ahead of Paddle); src/db/subscriptions.ts:127-149 (setQuantityIf: UPDATE ... WHERE org_id AND paddle_subscription_id AND quantity=expected, row-locked so exactly one of two redelivered messages wins); meter.ts:44-52 re-reads live entitlement and no-ops when quantity unchanged or status not active/trialing. Record-then-charge under an at-least-once queue → mid-flight crash under-bills (safe), never double-charges."
BILL-003,"§15.2","Frozen","Billing & Entitlements","Implemented","src/lib/api-route.ts:18-39 (handleApi: paywall ON by default — computeAccess → 402 unless opts.allowOverFreeBand); src/app/(app)/layout.tsx:52-55 (same computeAccess gates the page shell, returns UpgradePaywall when blocked & not exempt). Note: the literal 'opt-out only for upgrade/portal' clause has been deliberately widened — allowOverFreeBand is also set on src/app/api/connections/[id]/route.ts:83 (DELETE), src/app/api/settings/route.ts:37 (privacy tighten, ADR 0018), src/app/api/settings/digest/route.ts:30 and settings/exec-report/route.ts:25 (own notification prefs); page-shell exempts /account (account deletion, ADR 0015) and /settings. Each is documented and principled (privacy/account controls are never-paywalled), so core enforcement holds; see extra_gaps for the spec-text divergence."
UX-001,"§12.1","MVP","UX / UI","Implemented","src/app/(app)/dashboard/page.tsx:266-274 forks Personal Companion vs Team Intelligence; Executive one-pager is /maturity + composeExecReport (exec memo email/export). src/components/app-sidebar.tsx:40-45 folds nav to Overview/AI maturity/Connections/Account; /people, /teams, /methodology retired from nav, /indexes demoted (comments :35-56). Everything else is a card or settings page."
UX-002,"§12.1","MVP","Reporting","Implemented","Monthly narrative one-pager = 8 numbers + composed narrative: exec-report.ts sections()+summary (composeNarrative reused). Spend Governance folded as a LINE not a page: SpendGovernanceLine (dashboard/page.tsx:204-251) renders one card-line (reported spend + cost-per-active-person + Manage-budgets link) on both team (ln 1143) and personal (ln 867) surfaces; exec memo carries spendLine (exec-report.ts:171); the full /spend page stays. Reported/measured only, never ROI (comment ln 200-203)."
UX-003,"§12.2","MVP","Navigation","Implemented","src/components/app-sidebar.tsx:35-45 removes /people and /teams from NAV_ITEMS (comment documents the W5-H fold); roster relocated to the Team dashboard 'People & teams' card (dashboard:1373-1403) and to Settings TeamManagementCard (src/app/(app)/settings/page.tsx:177-183) + RoleManagementCard. Standalone /people and /teams routes remain reachable (deprecate-keep-shipping) but are off the primary nav."
UX-004,"§12.2","MVP","Navigation","Implemented","No standalone correlation/anomaly panel components exist (grep over src/components/dashboard/*.tsx returns only period-narrative-card). Correlations fold into the narrative via src/components/dashboard/period-narrative-card.tsx:66-85 ('moved together' block inside the narrative card); anomalies render as early-warning attention alerts through deriveAttention (dashboard:1076-1093 team, 588-594 personal), not a dedicated panel."
UX-005,"§12.2","MVP","Navigation","Implemented","src/components/app-sidebar.tsx:51-64 comment + ADMIN_NAV_ITEMS omit /indexes (demoted from nav); the Custom Index Builder is reachable from the Settings 'Custom indexes' card (src/app/(app)/settings/page.tsx:194-215). Route still resolves and stays admin/Team-gated."
UX-006,"§12.3","Principle","UX / UI","Implemented","EmptyState used across 10 files (connections/page.tsx:139, dashboard.tsx:1265); SyncStalenessBanner (dashboard.tsx:760,1111); notComparable pattern in score-card.tsx:63, maturity-number-grid.tsx:309, agentic-adoption-card.tsx:153, digest-copy.ts:62; MIN_PEOPLE floors + honest 'not enough data' states in maturity-axis-meters/level-banner and usage panels; OnboardingInterim bridges the connected-but-no-scores cliff."
UX-007,"§12.4","Principle","UX / UI","Implemented","grep of *-glossary.ts/*-copy.ts title/headline strings finds no deficiency language leading any headline (only one 'measuring low' inside a coaching subtitle, positively framed); GROWTH_JOURNEY_COPY, DAILY_NUDGE_COPY, MILESTONE_COPY, COACHING_COPY all lead positive-first (companion-glossary.ts:40-129)."
UX-008,"§12.5","Frozen","Design System","Implemented","components.json:3 style ""base-nova""; package.json:25 @base-ui/react ^1.6.0; Base UI render={<Link/>}+nativeButton={false} pattern throughout (growth-journey-card.tsx:130-131, sidebar buttons); shared components in src/components + src/components/ui/*; grep confirms zero createDb in any src/app/**/page.tsx — pages use requireAppContext from src/lib/api-context.ts."
UX-009,"§12.6","Principle","Documentation","Implemented","13 *-glossary.ts/*-copy.ts modules under src/lib/ hold user-facing prose; landing 'Connects' strip derives from registeredVendors() at src/app/page.tsx:14,74-97 (never hard-coded); src/app/legal/what-we-collect/page.tsx:8-15 generated from the device allowlist. Minor honest exception: src/app/legal/terms/page.tsx:32-33 names 'for example Anthropic, OpenAI, and Cursor' inline, but as illustrative examples that are all live connectors — not a drift risk."
PRIV-001,"§13","Frozen","Security","Implemented","(1) packages/revealyst-agent/src/parse.ts:52,75,87 (IGNORED_TYPES, sanitizeModel clamp, block-type-only); (2) src/lib/agent-ingest.ts:41,145-152 (MAX_DIM_LENGTH=128 + charCode<=0x20 control-char reject); (3) src/lib/otel-ingest.ts:60,104-126 (attr allowlist + 2 metric names) and src/app/v1/logs/route.ts persists nothing."
PRIV-002,"§13","Principle","Security","Implemented","Team surface is aggregate-only by the throwing predicate (src/lib/visibility.ts:168); the four self-view tables have no manager read route (exposures.list has no manager caller — src/poller/digest.ts:322 is the only writer; user_capability_state read only in the personal branch of src/app/(app)/dashboard/page.tsx). No manager-readable individual surface exists."
PRIV-003,"§13","Frozen","Security","Implemented","Generalized predicate + completeness tripwire (src/lib/visibility.ts:140,168; test :72-78); default private (src/db/schema.ts:97); named reveal gated behind logged admin action — updateOrgSettings writes audit_log on visibilityMode change (src/lib/api-impl.ts:357)."
PRIV-004,"§13","Frozen","Security","Implemented","src/lib/credentials.ts: AES-256-GCM DEK (:189) wrapped by versioned Worker-secret KEK (:140,181), AAD=orgId:connectionId:kind (:91); connection_credentials stores only base64 envelope fields (src/db/schema.ts:291-315, no plaintext column); 'KMS' appears only as negations (credentials.ts:4; docs/legal/dpa.md:56, README.md:39)."
PRIV-005,"§13","Frozen","Security","Implemented","raw_payloads.expires_at default now()+interval '90 days' (src/db/schema.ts:456), purged by purgeExpiredRawPayloads (src/db/system.ts:332) on the nightly purge-retention queue; account deletion via src/db/account-deletion.ts PURGE_TABLES with missingFromPurgeTables completeness tripwire (:219) — every new person-scoped table registered (recInteractionState, roleAssignments, userCapabilityState, missionProgress, recommendationExposure)."
PRIV-006,"§13","MVP","Security","Implemented","src/app/legal/what-we-collect/page.tsx renders AGENT_SENT_FIELDS/AGENT_ON_DEVICE_ONLY_FIELDS/AGENT_NEVER_COLLECTED from src/lib/agent-collection-schema.ts, which is pinned byte-identical to the CLI allowlist (packages/revealyst-agent/src/allowlist.ts) per its module doc + tests — not a paraphrase."
PRIV-007,"§13","MVP","Data Confidence","Partially Implemented","src/lib/launch-funnel.ts:42-48,103 instruments orgs→connected→backfilled→activated + personal→team; src/lib/launch-events.ts:34-39 counts companion_revisit; connector_runs cadence (MET-003) exists. No dedicated named 'opt-in rate / privacy-enables-adoption' indicator; the sharpest test (companion opt-in inside Team orgs, MET-004) is explicitly gated on W6-A."
PRIV-008,"§13","Kill","Security","Implemented","No MDM/org-deployed/endpoint-agent code anywhere (grep MDM/org-deployed/resident-agent empty). Desktop/OTel data lands as person-attributed metric_records read only on the personal self-view; no team surface reads them (src/lib/dashboard-view.ts). No raw log/folder upload flow (see SYNC-006). The agent is a user-run CLI, not an org-deployed binary."
MET-001,"§14","MVP","Data Confidence","Implemented","launch-events.ts digest_return event with coarse ISO-week 'wk' dim (ln 38,89-99); fired at worker edge seam (worker.ts:121-128) on ?src=digest click-through; digest email tags the app-return CTA via appendDigestUtm (digest-email.ts:43-46). N-week return rate is measurable from the wk-dimensioned event series."
MET-002,"§14","MVP","Data Confidence","Implemented","Both voluntary-return signals fire content-free at the worker edge: digest_return (digest open→session proxy) worker.ts:121-128; companion_revisit (isCompanionRevisit, GET/HEAD /dashboard, RSC soft-navs excluded) launch-events.ts:109-119 + worker.ts:130-131. No per-user tracking — the aggregate count over time IS the returning-engagement signal."
MET-003,"§14","MVP","Data Confidence","Partially Implemented","Data substrate exists and is append-only: connector_runs.finished_at (queried in system.ts:200-208 for first-backfill min()) and connections.last_success_at (used for staleness, dashboard-view.ts:148). But NO code derives a manual-sync CADENCE DISTRIBUTION (inter-sync intervals / histogram) — launch-metrics.ts only uses connector_runs for time-to-first-insight (min), never for cadence."
MET-004,"§14","V1-gated","Data Confidence","Blocked","The self-view companion does NOT ship inside Team orgs: dashboard/page.tsx:266-274 routes org.kind==='personal' → PersonalSelfView and everything else → TeamOverview; a team-org member never receives the personal companion, so there is nothing to measure opt-in against. No opt-in mechanism or opt-in-rate metric exists (grep for opt-in rate returns nothing)."
MET-005,"§14","V1","Data Confidence","Partially Implemented","Both named dependencies now exist: recommendation_exposure log (src/db/org-scope/exposures.ts, log()+forUser(), self-view-only, no manager/admin read route) and rec-interaction state (org-scope/rec-interactions.ts, snooze/dismiss/tried). But NO code computes the shown→tried/dismissed RATIO — grep for the engagement ratio finds nothing; the offline Precision@k/NDCG@k harness is explicitly gated on real volume (spec §6.4 ln 273-274)."
MET-006,"§14","Baseline","Data Confidence","Implemented","src/lib/attribution-trend.ts computes person-attributed usage-days ÷ total per ISO week (currentPct headline + up-to-12-week trend, ln 19-53); surfaced in-product via AttributionTrendCard (attribution-trend-card.tsx:119), rendered inside TeamOverview's AI-maturity usage-detail section (dashboard/page.tsx:1197) and carried into the exec memo as honestyLine (exec-report.ts:201-221). Empty denominator → honest 'empty' state, never a fabricated 0."
MET-007,"§14","MVP","Data Confidence","Implemented","src/lib/launch-funnel.ts deriveLaunchFunnel personalToTeam block (ln 62-69, 121-129): personalOrgs, teamOrgs, personalWithInvites (invitesSent>0), personalWithAcceptedInvites, personalMultiMember — all from existing invite/org_members/orgs tables (scripts/launch-metrics.ts gathers via invites+orgMembers, ln 21-29). The individual-orgs → invites-sent → team-orgs flywheel conversion is observable with no new tables."
ARCH-001,"§15.1","Frozen","Infrastructure","Implemented","wrangler.jsonc:4 (main src/worker.ts), :33-36 (two custom_domain routes revealyst.com + app.revealyst.com), :48 workers_dev:true, :58-84 six crons, :86-116 POLL_QUEUE + revealyst-poll consumer max_retries:10 + dead_letter_queue revealyst-poll-dlq, :161-166 Hyperdrive binding; src/lib/domains.ts:14-17,111-128 host split single source of truth; src/db/client.ts:34-68 Neon-via-Hyperdrive + Drizzle; src/lib/auth.ts:112 joins on, :178 cookieCache DISABLED tripwire; org_id/Personal=org-of-one is the established schema invariant. Topology matches the frozen contract exactly."
ARCH-002,"§15.1","Frozen","Infrastructure","Implemented","src/lib/dashboard-view.ts:220-310 every DB read (incl. Wave6/7 additions scope.catalog.list, scope.capabilities.labels, scope.mastery.coverageCounts at :302-309) is in ONE flat Promise.all at :239, explicitly commented as round-trip depth 1; tests/perf/authenticated-page-queries.test.ts:128-129,148-149 assert total<=6 and sequentialDepth<=1. wrangler.jsonc has NO smart_placement key (default OFF) with :12-24 comment documenting the auth-hang incident that keeps it off. New read surfaces threaded onto the existing Promise.all, never a new sequential stage."
ARCH-003,"§15.2","Frozen","Database","Implemented","Three-registration law is test-enforced two ways: tests/tenant-isolation.test.ts:459-467 fails if an org-scoped schema table lacks a SCOPED_READS entry (every ENT table has a non-vacuous B-org entry, lines 122-181), and src/db/account-deletion.ts:219 missingFromPurgeTables enumerates schema tables with an orgId column not in PURGE_TABLES/PURGE_EXEMPT_TABLES. ADR requirement enforced by the CI frozen-path guard (schema.ts + drizzle/** require a docs/decisions change in the same PR). All 6 net-new org-scoped tables since W5 carry all three."
ARCH-004,"§15.2","Frozen","Backend","Partially Implemented","MET: forOrg is the only query surface — src/lib/api-context.ts:68 (scope: forOrg), scripts/check-org-scope.mjs:25-46 (createDb allowlist), grep of src/app finds no direct createDb. MET: cross-org reads live in src/db/system.ts (readLaunchFunnelRows:188, listConnectorWorkCandidates:67, listSubscriptionsToMeter:110) and are driven from src/poller/* (dispatch/process/digest/exec-report/flywheel). MET: handleApi/appContext with default-on 402 — src/lib/api-route.ts:18-38. DIVERGES: '...typed in src/contracts/api.ts' — ~20 non-frozen routes (src/app/api/{audit,admin/audit,exec-report,share,share/[id],indexes,indexes/preview,reconcile,org/invites,org/members,invites/accept,maturity/export,benchmark-consent,settings/digest,settings/exec-report}) use colocated Zod schemas and are absent from src/contracts/api.ts apiRoutes (compared route list vs api.ts:144-530)."
ARCH-005,"§15.3","V1","Product Architecture","Partially Implemented","org-scope.ts modularized into 24 factories under src/db/org-scope/* with byte-identical public API (ADR 0027, org-scope.ts:150-196) — done BEFORE Roles/catalog bolted on. BUT src/db/schema.ts is still a 1749-line monolith (wc -l = 1749, no src/db/schema/ dir); ADR 0027 scoped org-scope.ts only, and roles(0026)/catalog(0029)/capabilities(0030)/mastery(0031)/missions(0032)/exposure(0033)/otel(0034) were all appended to the monolithic frozen schema.ts."
ARCH-006,"§15.3","V1","Security","Implemented","src/lib/visibility.ts generalizes the old hand-written check into TEAM_VISIBLE_IDENTITY_SURFACES (:88) with IDENTITY_BEARING_MANIFEST (:127) and identityManifestGaps (:140); the completeness tripwire is test-enforced (src/lib/visibility.test.ts:72-78) — a 4th identity-bearing surface can no longer pass vacuously."
ARCH-007,"§15.3","V1","Sync & Integrations","Implemented","Spike fired and resolved GO: docs/research/2026-07-13-claude-code-otel-receiver-spike.md:27-40 '## 0. Go / no-go — GO, with a mandated exporter config' (OTLP/HTTP JSON mandated, gRPC rejected). Founder-gated live capture completed (spike §9 update 2026-07-14, real fixtures/otel/*.captured.json landed). Receiver subsequently built (P8/W7-8): src/lib/otel-receiver.ts + routes + decoder."
ARCH-008,"§15.3","V1","Product Architecture","Implemented","roles table + engineering-only seed shipped in drizzle/0026_roles-entity.sql (8 eng slugs, ON CONFLICT DO NOTHING), migration 0026 precedes recommendation_catalog migration 0029 (drizzle/0029_recommendation-catalog.sql). The catalog seed sets NO applicable_roles (column defaults '{}'::text[], line 11; the 7 seeded VALUES rows omit it) — i.e. zero role-specific catalog content exists yet, so Roles genuinely shipped before any role-specific content."
ARCH-009,"§15.3","V1","Documentation","Implemented","docs/decisions/0033-recommendation-catalog.md:86-113 has an explicit '### Evaluator + the batched-read design (§8.2 perf floor — an ADR REQUIREMENT)' block stating 'ONE per-org catalog read... per-person evaluation IN MEMORY. NEVER N per-person round trips'; code matches at src/db/org-scope/catalog.ts (list()) folded into the depth-1 Promise.all in src/lib/dashboard-view.ts:174 and src/poller/digest.ts."
ARCH-010,"§15.3","Future","Product Architecture","Implemented","Verified absence: no outcomes table in src/db/schema.ts (grep 'outcome' returns only comments at lines 62/1022/1438 describing rec-interaction/capability as 'Outcomes-loop forerunner'), no outcomes migration (grep of drizzle/*.sql = none), no outcomes namespace (ls src/db/org-scope/ has none; grep outcomesNamespace/outcome_ in src = none). Outcomes correctly stays Future/absent — no hollow always-empty table."
ARCH-011,"§15.4","Frozen","Documentation","Implemented",".github/workflows/ci.yml:35-68 `frozen-contracts` PR job: ci.yml:58 regex covers src/contracts/, src/db/schema.ts, src/db/org-scope(.ts|/), src/lib/credentials.ts, drizzle/, docs/connector-facts.md; ci.yml:59 covers fixtures/ under a MDR diff-filter (adding files is allowed, modify/delete trips); ci.yml:61-66 exits 1 when a frozen path changed without a docs/decisions/ change in the same PR. All frozen paths present on disk (src/contracts/{api,connector,scores,attribution,metrics,tracked-user}.ts, src/db/org-scope/* + src/db/schema.ts, src/lib/credentials.ts, docs/connector-facts.md, fixtures/*); ADRs numbered through 0039 in docs/decisions/."
OQ-001,"§16.1","Open","Documentation","Partially Implemented","Spec §16.1 (docs/Revealyst_Product_Spec_V4.md:837-838) records it open with a 6-week default; docs/Revealyst_Execution_Plan_V4.md:31 repeats the 6-week default; MET-001/002/003 instrumentation shipped; CLAUDE.md notes the dogfood clock running since 2026-07-14. No recorded founder sign-off of a final N+threshold anywhere in docs/decisions/ or docs/gates/."
OQ-002,"§16.2","Open","Documentation","Implemented","Spec §16.2 default is 'demoted'; the demotion is live — src/components/app-sidebar.tsx:53-55 comments 'Custom Index Builder (W4-U) is DEMOTED out of nav prominence... route (/indexes) stay intact and server-gated, but it no longer occupies a [nav slot]'. Route present but out of nav (src/app/(app)/indexes/page.tsx exists)."
OQ-003,"§16.3","Open","Documentation","Blocked","Spec §16.3 (docs/Revealyst_Product_Spec_V4.md:841-844) marks it open pending M365/Workspace admin-API research; CLAUDE.md W7/P8 banner and docs/Revealyst_W7_Implementation_Report.md keep non-eng role expansion explicitly deferred ('a separate gate needing an honest M365/Workspace role-telemetry source'). No research doc exists under docs/research/."
OQ-004,"§16.4","Open","Documentation","Blocked","Spec §16.4 (docs/Revealyst_Product_Spec_V4.md:845-846) marks 'conversation structure' scope open, to clarify before any V1 design. Guardrail holds: grep for conversation-structure/planning-behaviour signals across src/ finds none (only allowed session-shape stats — subject_day_signals histogram in src/contracts/metrics.ts). No scope-clarification decision recorded."
OQ-005,"§16.5","Resolved","Documentation","Implemented","Spec §16.5 resolves it (daily content, no daily nag/streak, weekly-with-forgiveness). Recorded + enforced: docs/decisions/0037-missions.md:6,15,39 ('no XP/streak/league/points column', schema-shape + banned-phrasing tests); CLAUDE.md GJ-003 'no-streak decision recorded'; no streak/nag copy in src/lib/companion-glossary.ts or digest-copy.ts."
OQ-006,"§16.6","Open","Documentation","Partially Implemented","Spec §16.6 marks it open, decided by measured last_success_at cadence. The decision framework is recorded: docs/research/2026-07-11-manual-sync-vs-desktop-connector.md:11-13 resolves the architecture (Manual Sync ships; resident agent demoted to demand-gated, reversible), SYNC-007 records 'demoted not dead', and connections.last_success_at + connector_runs cadence are instrumented (MET-003). The actual go/no-go call is not yet made — it awaits cadence data volume."
OQ-007,"§16.7","Resolved","Documentation","Implemented","Spec §16.7 resolves it (digest already shipped; only content extension remains). Confirmed shipped: src/lib/digest-content.ts + src/poller/digest.ts exist; WF-006/MVP-006 content extension landed (digest reuses digest-content.ts for the Growth-Journey lane)."
OQ-008,"§16.8","Resolved","Documentation","Partially Implemented","The DECISION is implemented + recorded: docs/decisions/0036-user-capability-state.md:98-105 and docs/Revealyst_W7_Implementation_Report.md:152-155 confirm the capability profile is a 'decomposition of the one proficiency band', not a third ladder. BUT the 'founder sign-off received per W7' claim is unbacked: ADR 0036:96-100 ('Founder sign-off note (engineering assumption)... Executed autonomously per directive') and W7 report §3 (lines 142-155, header 'Engineering assumptions made (no founder input required)') explicitly label the third-ladder line an autonomous engineering assumption, NOT a recorded founder sign-off. The genuine W7 founder sign-off (ADR 0037) was for missions anti-gamification, a different item."
OQ-009,"§16.9","Resolved","Documentation","Implemented","Spec §16.9 requires a founder-signed ADR reversing the don't-log stance. docs/decisions/0038-recommendation-exposure-log.md:5-6 ('Deciders... founder-signed privacy-reversal received') and :18-19 ('requires a founder-signed ADR before any table exists — which this is'); recommendation_exposure shipped (mig 0033)."
